Time,X,Y
2025-08-13 16:23:00,-0.3196999999999992,0.8198731060353184
2025-08-13 16:23:00,-0.33015624999999904,0.8157186099298814
2025-08-13 16:23:00,-0.33015624999999904,0.8157186099298814
2025-08-13 16:23:00,-0.33015624999999904,0.8157186099298814
2025-08-13 16:23:00,-0.33015624999999904,0.8157186099298814
2025-08-13 16:23:00,-0.34062500000000107,0.811402865027601
2025-08-13 16:23:00,-0.3395187500000011,0.8226949728778199
2025-08-13 16:23:00,-0.35000000000000087,0.818290901819151
2025-08-13 16:23:00,-0.35000000000000087,0.818290901819151
2025-08-13 16:23:00,-0.35000000000000087,0.818290901819151
2025-08-13 16:23:00,-0.3709999999999999,0.8089864028523596
2025-08-13 16:23:00,-0.37210624999999986,0.7974565434623617
2025-08-13 16:23:00,-0.37210624999999986,0.7974565434623617
2025-08-13 16:23:00,-0.37210624999999986,0.7974565434623617
2025-08-13 16:23:00,-0.37210624999999986,0.7974565434623617
2025-08-13 16:23:00,-0.37210624999999986,0.7974565434623617
2025-08-13 16:23:00,-0.37210624999999986,0.7974565434623617
2025-08-13 16:23:00,-0.36160000000000014,0.8022751647658052
2025-08-13 16:23:00,-0.36160000000000014,0.8022751647658052
2025-08-13 16:23:00,-0.36160000000000014,0.8022751647658052
2025-08-13 16:23:00,-0.36160000000000014,0.8022751647658052
2025-08-13 16:23:00,-0.36049375000000017,0.8137224687883071
2025-08-13 16:23:00,-0.36049375000000017,0.8137224687883071
2025-08-13 16:23:00,-0.36160000000000014,0.8022751647658052
2025-08-13 16:23:00,-0.36160000000000014,0.8022751647658052
2025-08-13 16:24:00,-0.36160000000000014,0.8022751647658052
2025-08-13 16:24:00,-0.382625,0.7924633173686969
2025-08-13 16:24:00,-0.382625,0.7924633173686969
2025-08-13 16:24:00,-0.382625,0.7924633173686969
2025-08-13 16:24:00,-0.382625,0.7924633173686969
2025-08-13 16:24:00,-0.36160000000000014,0.8022751647658052
2025-08-13 16:24:00,-0.36049375000000017,0.8137224687883071
2025-08-13 16:24:00,-0.35000000000000087,0.818290901819151
2025-08-13 16:24:00,-0.3395187500000011,0.8226949728778199
2025-08-13 16:24:00,-0.3395187500000011,0.8226949728778199
2025-08-13 16:24:00,-0.33726875000000106,0.845192161743965
2025-08-13 16:24:00,-0.33612500000000106,0.8563994303915664
2025-08-13 16:24:00,-0.33496875000000104,0.8675805072288317
2025-08-13 16:24:00,-0.33496875000000104,0.8675805072288317
2025-08-13 16:24:00,-0.3326187500000011,0.8898678368996358
2025-08-13 16:24:00,-0.33021875000000106,0.9120611696308734
2025-08-13 16:24:00,-0.32776875000000105,0.9341668194297188
2025-08-13 16:24:00,-0.32400000000000106,0.9671732006212741
2025-08-13 16:24:00,-0.32400000000000106,0.9671732006212741
2025-08-13 16:24:00,-0.32142500000000107,0.9890833985943751
2025-08-13 16:24:00,-0.32142500000000107,0.9890833985943751
2025-08-13 16:24:00,-0.3188000000000011,1.010923617292622
2025-08-13 16:24:00,-0.2561750000000005,1.028578810483183
2025-08-13 16:24:00,-0.25214375000000044,1.0604355375674361
2025-08-13 16:24:00,-0.27296874999999987,1.0552668200618447
2025-08-13 16:24:00,-0.2674187499999999,1.097901276139361
2025-08-13 16:24:00,-0.2778499999999998,1.0953078916450842
2025-08-13 16:24:00,-0.2720999999999998,1.1379198521864358
2025-08-13 16:24:00,-0.2720999999999998,1.1379198521864358
2025-08-13 16:24:00,-0.2825437499999992,1.1353717582078293
2025-08-13 16:24:00,-0.2765937499999992,1.1779626044407938
2025-08-13 16:24:00,-0.2765937499999992,1.1779626044407938
2025-08-13 16:24:00,-0.2735437499999992,1.199197155115012
2025-08-13 16:24:00,-0.31544375000000013,1.1888630032875687
2025-08-13 16:24:00,-0.31234375000000014,1.2103476285084123
2025-08-13 16:24:00,-0.31234375000000014,1.2103476285084123
2025-08-13 16:24:00,-0.33336875,1.2047262247180632
2025-08-13 16:24:00,-0.32701874999999997,1.2478616658702348
2025-08-13 16:24:00,-0.32701874999999997,1.2478616658702348
2025-08-13 16:24:00,-0.32376875,1.269359600949801
2025-08-13 16:24:00,-0.32376875,1.269359600949801
2025-08-13 16:24:00,-0.32376875,1.269359600949801
2025-08-13 16:24:00,-0.31711875,1.3122254754417924
2025-08-13 16:24:00,-0.38049375000000063,1.295270051460674
2025-08-13 16:24:00,-0.3770937500000006,1.3170802191631827
2025-08-13 16:24:00,-0.39831875,1.310817368437891
2025-08-13 16:24:00,-0.39486875,1.3327335331090897
2025-08-13 16:24:00,-0.39486875,1.3327335331090897
2025-08-13 16:24:00,-0.386025,1.387294020521605
2025-08-13 16:24:00,-0.386025,1.387294020521605
2025-08-13 16:24:00,-0.378725,1.4307226755646951
2025-08-13 16:24:00,-0.378725,1.4307226755646951
2025-08-13 16:24:00,-0.3893562499999994,1.427866138889055
2025-08-13 16:24:00,-0.37994999999999945,1.482072197128062
2025-08-13 16:24:00,-0.37994999999999945,1.482072197128062
2025-08-13 16:24:00,-0.3721999999999994,1.525243311737508
2025-08-13 16:24:00,-0.3721999999999994,1.525243311737508
2025-08-13 16:24:00,-0.38284374999999926,1.5226065358739067
2025-08-13 16:24:00,-0.37489374999999925,1.5657441285890037
2025-08-13 16:24:00,-0.37489374999999925,1.5657441285890037
2025-08-13 16:24:00,-0.3855499999999995,1.5631542462277999
2025-08-13 16:24:00,-0.3773999999999995,1.6062593937468506
2025-08-13 16:24:00,-0.3773999999999995,1.6062593937468506
2025-08-13 16:24:00,-0.36904999999999955,1.64921256892494
2025-08-13 16:24:00,-0.36904999999999955,1.64921256892494
2025-08-13 16:24:00,-0.36904999999999955,1.64921256892494
2025-08-13 16:24:00,-0.3561499999999995,1.7133759591811717
2025-08-13 16:24:00,-0.3775000000000004,1.7087989202946026
2025-08-13 16:24:00,-0.3641500000000004,1.7729903489585044
2025-08-13 16:24:00,-0.3641500000000004,1.7729903489585044
2025-08-13 16:24:00,-0.35500000000000037,1.8156197289080112
2025-08-13 16:24:00,-0.37640000000000023,1.8113042372831794
2025-08-13 16:24:00,-0.3623000000000003,1.8753236280706325
2025-08-13 16:24:00,-0.3623000000000003,1.8753236280706325
2025-08-13 16:24:00,-0.35508125000000024,1.9072276492066795
2025-08-13 16:24:00,-0.3443750000000001,1.909189843722986
2025-08-13 16:24:00,-0.3345750000000001,1.951527496443491
2025-08-13 16:24:00,-0.3345750000000001,1.951527496443491
2025-08-13 16:24:00,-0.3245750000000001,1.993753011126253
2025-08-13 16:24:00,-0.3245750000000001,1.993753011126253
2025-08-13 16:24:00,-0.3138812500000004,1.995464497528943
2025-08-13 16:24:00,-0.3138812500000004,1.995464497528943
2025-08-13 16:24:00,-0.3138812500000004,1.995464497528943
2025-08-13 16:24:00,-0.3138812500000004,1.995464497528943
2025-08-13 16:24:00,-0.29590000000000044,2.06894736279104
2025-08-13 16:24:00,-0.29590000000000044,2.06894736279104
2025-08-13 16:24:00,-0.33875000000000005,2.0623647682939112
2025-08-13 16:24:00,-0.32820000000000005,2.1045628429676313
2025-08-13 16:24:00,-0.32820000000000005,2.1045628429676313
2025-08-13 16:24:00,-0.3496999999999997,2.1010973109306477
2025-08-13 16:24:00,-0.3496999999999997,2.1010973109306477
2025-08-13 16:24:00,-0.37125000000000097,2.0973968240416494
2025-08-13 16:24:00,-0.3550500000000009,2.1610274171097412
2025-08-13 16:24:00,-0.3550500000000009,2.1610274171097412
2025-08-13 16:24:00,-0.38746874999999975,2.1554507574457453
2025-08-13 16:24:00,-0.37641874999999975,2.198001120256411
2025-08-13 16:24:00,-0.37641874999999975,2.198001120256411
2025-08-13 16:24:00,-0.40894999999999965,2.192181538445208
2025-08-13 16:24:00,-0.39769999999999966,2.234890312744677
2025-08-13 16:24:00,-0.39769999999999966,2.234890312744677
2025-08-13 16:24:00,-0.39769999999999966,2.234890312744677
2025-08-13 16:24:00,-0.3833562499999997,2.288107948848991
2025-08-13 16:24:00,-0.3833562499999997,2.288107948848991
2025-08-13 16:24:00,-0.394224999999999,2.286260407166034
2025-08-13 16:24:00,-0.394224999999999,2.286260407166034
2025-08-13 16:24:00,-0.376599999999999,2.3500154127154147
2025-08-13 16:24:00,-0.376599999999999,2.3500154127154147
2025-08-13 16:24:00,-0.36156874999999894,2.402949861945405
2025-08-13 16:24:00,-0.36156874999999894,2.402949861945405
2025-08-13 16:24:00,-0.3554687499999989,2.4240754872267156
2025-08-13 16:24:00,-0.3663500000000013,2.422454886576838
2025-08-13 16:24:00,-0.3663500000000013,2.422454886576838
2025-08-13 16:24:00,-0.3663500000000013,2.422454886576838
2025-08-13 16:24:00,-0.3554687499999989,2.4240754872267156
2025-08-13 16:24:00,-0.3554687499999989,2.4240754872267156
2025-08-13 16:24:00,-0.37724375000000054,2.4207823431869993
2025-08-13 16:24:00,-0.3491750000000006,2.5158848978788755
2025-08-13 16:24:00,-0.33828125000000137,2.517372796368952
2025-08-13 16:24:00,-0.3124812500000013,2.6012988041358183
2025-08-13 16:24:00,-0.3233750000000006,2.599967040055508
2025-08-13 16:24:00,-0.3101750000000006,2.6418537940951614
2025-08-13 16:24:00,-0.3101750000000006,2.6418537940951614
2025-08-13 16:24:00,-0.29677500000000057,2.683640176956479
2025-08-13 16:24:00,-0.3186000000000003,2.681136706697367
2025-08-13 16:24:00,-0.3186000000000003,2.681136706697367
2025-08-13 16:24:00,-0.32953124999999994,2.679815134533246
2025-08-13 16:24:00,-0.31593124999999994,2.721725086277716
2025-08-13 16:24:00,-0.31593124999999994,2.721725086277716
2025-08-13 16:24:00,-0.3021312500000001,2.763533373739756
2025-08-13 16:24:00,-0.3130750000000001,2.7623149792112773
2025-08-13 16:24:00,-0.3061000000000001,2.783218063680961
2025-08-13 16:24:00,-0.3061000000000001,2.783218063680961
2025-08-13 16:24:00,-0.29200000000000004,2.8249488490944397
2025-08-13 16:24:00,-0.3029562499999996,2.8237948775691795
2025-08-13 16:24:00,-0.29583124999999966,2.8446588321841757
2025-08-13 16:24:00,-0.29583124999999966,2.8446588321841757
2025-08-13 16:24:00,-0.2814312499999996,2.886311911683046
2025-08-13 16:24:00,-0.2814312499999996,2.886311911683046
2025-08-13 16:24:00,-0.2814312499999996,2.886311911683046
2025-08-13 16:24:00,-0.2814312499999996,2.886311911683046
2025-08-13 16:24:00,-0.2594562499999996,2.948606866697549
2025-08-13 16:24:00,-0.2520312499999996,2.9693231971315344
2025-08-13 16:24:00,-0.26299999999999957,2.968371775906785
2025-08-13 16:24:00,-0.24799999999999955,3.00979999335504
2025-08-13 16:24:00,-0.24799999999999955,3.00979999335504
2025-08-13 16:24:00,-0.23279999999999956,3.0511316195798566
2025-08-13 16:24:00,-0.23279999999999956,3.0511316195798566
2025-08-13 16:24:00,-0.21739999999999948,3.0923675784097853
2025-08-13 16:24:00,-0.21739999999999948,3.0923675784097853
2025-08-13 16:24:00,-0.2096249999999995,3.112949944887486
2025-08-13 16:24:00,-0.253625,3.109674317251728
2025-08-13 16:24:00,-0.24186875000000008,3.1407004804300325
2025-08-13 16:24:00,-0.26394375000000014,3.1389223782750566
2025-08-13 16:24:00,-0.2560437500000001,3.1596426377180595
2025-08-13 16:24:00,-0.2781687499999992,3.157771705890633
2025-08-13 16:24:00,-0.2581999999999991,3.2096312498478703
2025-08-13 16:24:00,-0.25012499999999904,3.230330862988341
2025-08-13 16:24:00,-0.25012499999999904,3.230330862988341
2025-08-13 16:24:00,-0.22559999999999925,3.2922795507064704
2025-08-13 16:24:00,-0.22559999999999925,3.2922795507064704
2025-08-13 16:24:00,-0.2922750000000002,3.2870313847566166
2025-08-13 16:24:00,-0.2922750000000002,3.2870313847566166
2025-08-13 16:24:00,-0.2922750000000002,3.2870313847566166
2025-08-13 16:24:00,-0.2922750000000002,3.2870313847566166
2025-08-13 16:24:00,-0.2922750000000002,3.2870313847566166
2025-08-13 16:24:00,-0.2922750000000002,3.2870313847566166
2025-08-13 16:24:00,-0.22467500000000007,3.452697661883386
2025-08-13 16:24:00,-0.22467500000000007,3.452697661883386
2025-08-13 16:24:00,-0.18080000000000007,3.5554059346296873
2025-08-13 16:24:00,-0.18080000000000007,3.5554059346296873
2025-08-13 16:24:00,-0.16290000000000004,3.5963124989355415
2025-08-13 16:24:00,-0.16290000000000004,3.5963124989355415
2025-08-13 16:24:00,-0.1402437500000001,3.647304715894456
2025-08-13 16:24:00,-0.1402437500000001,3.647304715894456
2025-08-13 16:24:00,-0.10799999999999998,3.7184319275737727
2025-08-13 16:24:00,-0.10799999999999998,3.7184319275737727
2025-08-13 16:24:00,-0.07987500000000014,3.7791559883623487
2025-08-13 16:24:00,-0.07987500000000014,3.7791559883623487
2025-08-13 16:24:00,-0.03200000000000014,3.879868038993079
2025-08-13 16:24:00,-0.03200000000000014,3.879868038993079
2025-08-13 16:24:00,-0.15540624999999963,3.8768864953027626
2025-08-13 16:24:00,-0.15540624999999963,3.8768864953027626
2025-08-13 16:24:00,-0.22335625000000026,3.873565797244954
2025-08-13 16:24:00,-0.22335625000000026,3.873565797244954
2025-08-13 16:24:00,-0.2803250000000005,3.869860190546294
2025-08-13 16:24:00,-0.2803250000000005,3.869860190546294
2025-08-13 16:24:00,-0.360606250000001,3.8632063279691566
2025-08-13 16:24:00,-0.2560000000000011,4.081980401716794
2025-08-13 16:24:00,-0.2560000000000011,4.081980401716794
2025-08-13 16:24:00,-0.2675187500000007,4.081241688309874
2025-08-13 16:24:00,-0.2675187500000007,4.081241688309874
2025-08-13 16:24:00,-0.30215000000000014,4.078824018942224
2025-08-13 16:24:00,-0.24515624999999996,4.192838944329479
2025-08-13 16:24:00,-0.24515624999999996,4.192838944329479
2025-08-13 16:24:00,-0.2683062499999993,4.191421209591198
2025-08-13 16:24:00,-0.21518124999999944,4.294612558735472
2025-08-13 16:24:00,-0.21518124999999944,4.294612558735472
2025-08-13 16:24:00,-0.25000000000000067,4.292726406376255
2025-08-13 16:24:00,-0.22296875000000083,4.344281866606198
2025-08-13 16:24:00,-0.22296875000000083,4.344281866606198
2025-08-13 16:24:00,-0.23460000000000059,4.343669282991051
2025-08-13 16:24:00,-0.20725625000000014,4.395116021999413
2025-08-13 16:24:00,-0.23055625000000002,4.39395537250732
2025-08-13 16:24:00,-0.2539062499999998,4.3926679383047995
2025-08-13 16:24:00,-0.2539062499999998,4.3926679383047995
2025-08-13 16:24:00,-0.26559999999999895,4.391976393379181
2025-08-13 16:24:00,-0.26559999999999895,4.391976393379181
2025-08-13 16:24:00,-0.2890250000000003,4.390497073154132
2025-08-13 16:24:00,-0.2890250000000003,4.390497073154132
2025-08-13 16:24:00,-0.31250000000000067,4.388888669127984
2025-08-13 16:24:00,-0.31250000000000067,4.388888669127984
2025-08-13 16:24:00,-0.32425625000000013,4.388035766073009
2025-08-13 16:24:00,-0.32425625000000013,4.388035766073009
2025-08-13 16:24:00,-0.34780624999999943,4.386231960631009
2025-08-13 16:24:00,-0.34780624999999943,4.386231960631009
2025-08-13 16:24:00,-0.34780624999999943,4.386231960631009
2025-08-13 16:24:00,-0.35959999999999925,4.385280816549837
2025-08-13 16:24:00,-0.35959999999999925,4.385280816549837
2025-08-13 16:24:00,-0.38322500000000104,4.38327943432483
2025-08-13 16:24:00,-0.38322500000000104,4.38327943432483
2025-08-13 16:24:00,-0.40690000000000004,4.381145100313388
2025-08-13 16:24:00,-0.40690000000000004,4.381145100313388
2025-08-13 16:24:00,-0.1101437500000002,4.908764442742791
2025-08-13 16:24:00,-0.1101437500000002,4.908764442742791
2025-08-13 16:24:00,-0.14575000000000005,4.907836278595691
2025-08-13 16:24:00,-0.14575000000000005,4.907836278595691
2025-08-13 16:24:00,-0.07748125000000039,5.019402021745064
2025-08-13 16:24:00,-0.07748125000000039,5.019402021745064
2025-08-13 16:24:00,-0.07748125000000039,5.019402021745064
2025-08-13 16:24:00,-0.07748125000000039,5.019402021745064
2025-08-13 16:24:00,-0.07748125000000039,5.019402021745064
2025-08-13 16:24:00,-0.07748125000000039,5.019402021745064
2025-08-13 16:24:00,-0.07748125000000039,5.019402021745064
2025-08-13 16:24:00,-0.07748125000000039,5.019402021745064
2025-08-13 16:24:00,-0.07748125000000039,5.019402021745064
2025-08-13 16:24:00,-0.07748125000000039,5.019402021745064
2025-08-13 16:24:00,-0.07748125000000039,5.019402021745064
2025-08-13 16:24:00,0.5527187500000004,5.9142287733396355
2025-08-13 16:24:00,0.5527187500000004,5.9142287733396355
2025-08-13 16:24:00,0.11666875000000143,5.938854132134703
2025-08-13 16:24:00,0.11666875000000143,5.938854132134703
2025-08-13 16:24:00,-0.08233124999999841,5.939429397279965
2025-08-13 16:24:00,-0.08233124999999841,5.939429397279965
2025-08-13 16:24:00,-0.170399999999999,5.937555375741772
2025-08-13 16:24:00,-0.170399999999999,5.937555375741772
2025-08-13 16:24:00,-0.3228,5.931222484446188
2025-08-13 16:24:00,-0.3228,5.931222484446188
2025-08-13 16:24:00,-0.4769999999999994,5.920816751091019
2025-08-13 16:24:00,-0.6330000000000009,5.906175666198899
2025-08-13 16:24:00,-0.6330000000000009,5.906175666198899
2025-08-13 16:24:00,-0.6985312499999994,5.898784119865165
2025-08-13 16:24:00,-0.39944999999999986,6.317383928296586
2025-08-13 16:24:00,-0.39944999999999986,6.317383928296586
2025-08-13 16:24:00,-0.2955312499999998,6.453236496539813
2025-08-13 16:24:00,-0.2955312499999998,6.453236496539813
2025-08-13 16:24:00,-0.05609999999999982,6.749766869307413
2025-08-13 16:24:00,-0.21465000000000067,6.746586201739365
2025-08-13 16:24:00,-0.24125000000000085,6.745687395477202
2025-08-13 16:24:00,-0.2545687499999998,6.745197903065813
2025-08-13 16:24:00,-0.2545687499999998,6.745197903065813
2025-08-13 16:24:00,-0.2812437499999998,6.744138340298629
2025-08-13 16:24:00,-0.2812437499999998,6.744138340298629
2025-08-13 16:24:00,-0.3079687499999988,6.7429708029193955
2025-08-13 16:24:00,-0.3079687499999988,6.7429708029193955
2025-08-13 16:24:00,-0.33474375000000123,6.741694640209977
2025-08-13 16:24:00,-0.33474375000000123,6.741694640209977
2025-08-13 16:24:00,-0.36156875,6.740309194615885
2025-08-13 16:24:00,-0.2679999999999998,6.854763015597257
2025-08-13 16:24:00,-0.2679999999999998,6.854763015597257
2025-08-13 16:24:00,-0.2679999999999998,6.854763015597257
2025-08-13 16:24:00,-0.29487499999999933,6.853659514038832
2025-08-13 16:24:00,-0.3083312499999993,6.853067330785058
2025-08-13 16:24:00,-0.3487750000000007,6.8511280822485725
2025-08-13 16:24:00,-0.3487750000000007,6.8511280822485725
2025-08-13 16:24:00,-0.3757999999999999,6.849698851774434
2025-08-13 16:24:00,-0.3757999999999999,6.849698851774434
2025-08-13 16:24:00,-0.3757999999999999,6.849698851774434
2025-08-13 16:24:00,-0.4707812500000008,6.84382678146141
2025-08-13 16:24:00,-0.5116749999999994,6.84089092840801
2025-08-13 16:24:00,-0.5389999999999988,6.838792217928543
2025-08-13 16:24:00,-0.5663750000000007,6.836579507281035
2025-08-13 16:24:00,-0.580081250000001,6.835430179834949
2025-08-13 16:24:00,-0.6075312500000001,6.833045132316443
2025-08-13 16:24:00,-0.6487999999999996,6.829250219460406
2025-08-13 16:24:00,-0.6487999999999996,6.829250219460406
2025-08-13 16:24:00,-0.6763749999999984,6.8265743136199
2025-08-13 16:24:00,0.0019062500000015525,7.609999761249072
2025-08-13 16:24:00,-0.03955000000000064,7.609897226474218
2025-08-13 16:24:00,0.05619999999999914,7.7097951697823985
2025-08-13 16:24:00,0.028499999999999748,7.7099473247227825
2025-08-13 16:24:00,0.028499999999999748,7.7099473247227825
2025-08-13 16:24:00,0.0007500000000004725,7.7099999635214
2025-08-13 16:24:00,0.0007500000000004725,7.7099999635214
2025-08-13 16:24:00,-0.040968750000000664,7.70989115108141
2025-08-13 16:24:00,-0.040968750000000664,7.70989115108141
2025-08-13 16:24:00,-0.06884375000000054,7.709692635772579
2025-08-13 16:24:00,-0.06884375000000054,7.709692635772579
2025-08-13 16:24:00,-0.11074999999999902,7.709204526895106
2025-08-13 16:24:00,-0.15276875000000123,7.708486343571184
2025-08-13 16:24:00,0.20228124999999952,8.067464427928916
2025-08-13 16:24:00,0.16015000000000068,8.068410746702229
2025-08-13 16:24:00,0.16015000000000068,8.068410746702229
2025-08-13 16:24:00,0.4665000000000017,8.05650530627269
2025-08-13 16:24:00,0.4665000000000017,8.05650530627269
2025-08-13 16:24:00,0.4388999999999994,8.058056018048026
2025-08-13 16:24:00,0.4388999999999994,8.058056018048026
2025-08-13 16:24:00,0.4388999999999994,8.058056018048026
2025-08-13 16:24:00,0.4388999999999994,8.058056018048026
2025-08-13 16:24:00,0.5301937499999987,8.142757185834595
2025-08-13 16:24:00,0.5301937499999987,8.142757185834595
2025-08-13 16:24:00,0.4886999999999997,8.145352804513749
2025-08-13 16:24:00,0.4886999999999997,8.145352804513749
2025-08-13 16:24:00,0.46097500000000036,8.14696888722272
2025-08-13 16:24:00,0.46097500000000036,8.14696888722272
2025-08-13 16:24:00,0.43320000000000114,8.148492974777607
2025-08-13 16:24:00,0.43320000000000114,8.148492974777607
2025-08-13 16:24:00,0.515200000000001,8.223877975748424
2025-08-13 16:24:00,0.515200000000001,8.223877975748424
2025-08-13 16:24:00,0.4873749999999992,8.225573877206076
2025-08-13 16:24:00,0.539031249999999,8.272457029898883
2025-08-13 16:24:00,0.539031249999999,8.272457029898883
2025-08-13 16:24:00,0.5111562499999991,8.274226204793166
2025-08-13 16:24:00,0.7741249999999988,8.504841590786684
2025-08-13 16:24:00,0.7322187500000004,8.508551915699194
2025-08-13 16:24:00,0.7643000000000013,8.53585060260546
2025-08-13 16:24:00,0.7643000000000013,8.53585060260546
2025-08-13 16:24:00,0.7222812499999991,8.539508756122828
2025-08-13 16:24:00,0.7544749999999985,8.566841160799878
2025-08-13 16:24:00,0.6982749999999998,8.571604985320718
2025-08-13 16:24:00,0.7197999999999993,8.5898945255457
2025-08-13 16:24:00,0.7197999999999993,8.5898945255457
2025-08-13 16:24:00,0.7413750000000006,8.60813354388598
2025-08-13 16:24:00,0.7413750000000006,8.60813354388598
2025-08-13 16:24:00,0.8172812500000015,8.67157144688311
2025-08-13 16:24:00,0.7750000000000021,8.675452437769456
2025-08-13 16:24:00,0.8077187500000012,8.702596763087351
2025-08-13 16:24:00,0.8077187500000012,8.702596763087351
2025-08-13 16:24:00,0.8186500000000008,8.711619377446423
2025-08-13 16:24:00,0.12685000000000102,8.749080470398019
2025-08-13 16:24:00,0.1487500000000006,8.768738417668757
2025-08-13 16:24:00,0.10455624999999902,8.769376716197447
2025-08-13 16:24:00,0.10455624999999902,8.769376716197447
2025-08-13 16:24:00,0.1265062499999985,8.78908960977819
2025-08-13 16:24:00,0.09698124999999891,8.78946498014233
2025-08-13 16:24:00,0.09698124999999891,8.78946498014233
2025-08-13 16:24:00,0.06740624999999945,8.789741543268546
2025-08-13 16:24:00,0.022949999999999804,8.789970039624707
2025-08-13 16:24:00,0.022949999999999804,8.789970039624707
2025-08-13 16:24:00,-0.006750000000002032,8.789997408276067
2025-08-13 16:24:00,-0.006750000000002032,8.789997408276067
2025-08-13 16:24:00,-0.09614999999999974,8.7894741126816
2025-08-13 16:24:00,-0.09614999999999974,8.7894741126816
2025-08-13 16:24:00,-0.09614999999999974,8.7894741126816
2025-08-13 16:24:00,-0.24615000000000187,8.786552804001122
2025-08-13 16:24:00,-0.24615000000000187,8.786552804001122
2025-08-13 16:24:00,-0.291393750000001,8.78516873386396
2025-08-13 16:24:00,-0.291393750000001,8.78516873386396
2025-08-13 16:24:00,-0.291393750000001,8.78516873386396
2025-08-13 16:24:00,-0.291393750000001,8.78516873386396
2025-08-13 16:24:00,-0.291393750000001,8.78516873386396
2025-08-13 16:24:00,-0.0803749999999992,8.979640296769967
2025-08-13 16:24:00,-0.0803749999999992,8.979640296769967
2025-08-13 16:24:00,0.021156250000000654,9.069975325935895
2025-08-13 16:24:00,0.021156250000000654,9.069975325935895
2025-08-13 16:24:00,0.11225625000000061,9.149311369405675
2025-08-13 16:24:00,0.11225625000000061,9.149311369405675
2025-08-13 16:24:00,0.22725624999999994,9.247207935200546
2025-08-13 16:24:00,-0.07724374999999917,9.249677475625079
2025-08-13 16:24:00,-0.07724374999999917,9.249677475625079
2025-08-13 16:24:00,0.004000000000001336,9.319999141630863
2025-08-13 16:24:00,0.004000000000001336,9.319999141630863
2025-08-13 16:24:00,0.10935625000000115,9.409364548713475
2025-08-13 16:24:00,0.10935625000000115,9.409364548713475
2025-08-13 16:24:00,-0.013843749999999488,9.409989816710002
2025-08-13 16:24:00,-0.013843749999999488,9.409989816710002
2025-08-13 16:24:00,-0.13784374999999827,9.408990333749204
2025-08-13 16:24:00,0.06392500000000112,9.579786719670485
2025-08-13 16:24:00,0.06392500000000112,9.579786719670485
2025-08-13 16:24:00,-0.060874999999999346,9.57980658648049
2025-08-13 16:24:00,-0.060874999999999346,9.57980658648049
2025-08-13 16:24:00,0.07160625000000032,9.689735421824526
2025-08-13 16:24:00,0.07160625000000032,9.689735421824526
2025-08-13 16:24:00,-0.22800000000000153,9.687317275696094
2025-08-13 16:24:00,-0.1551000000000009,9.748766280406972
2025-08-13 16:24:00,-0.1551000000000009,9.748766280406972
2025-08-13 16:24:00,-0.1551000000000009,9.748766280406972
2025-08-13 16:24:00,-0.42699375000000117,9.740645581144042
2025-08-13 16:24:00,-0.42699375000000117,9.740645581144042
2025-08-13 16:24:00,-0.3658999999999999,9.793166862154449
2025-08-13 16:24:00,-0.3658999999999999,9.793166862154449
2025-08-13 16:24:00,-0.625099999999998,9.78004345542493
2025-08-13 16:24:00,-0.625099999999998,9.78004345542493
2025-08-13 16:24:00,-0.6903999999999986,9.775650762992713
2025-08-13 16:24:00,-0.739506249999998,9.772058662646831
2025-08-13 16:24:00,-0.6780999999999997,9.826631182149862
2025-08-13 16:24:00,-0.6780999999999997,9.826631182149862
2025-08-13 16:24:00,-0.616381249999999,9.880793194609856
2025-08-13 16:24:00,-0.6656000000000004,9.877599740827728
2025-08-13 16:24:00,-0.5786687500000003,9.953192577146966
2025-08-13 16:24:00,-0.6280000000000001,9.95020180699869
2025-08-13 16:24:00,-0.5655312500000012,10.0040279090611
2025-08-13 16:24:00,-0.5820000000000007,10.003083324655453
2025-08-13 16:24:00,-0.5820000000000007,10.003083324655453
2025-08-13 16:24:00,-0.4940187500000004,10.077898862096625
2025-08-13 16:24:00,-0.5435000000000016,10.07535149510924
2025-08-13 16:24:00,-0.5435000000000016,10.07535149510924
2025-08-13 16:24:00,-0.6593937499999996,10.06843085502706
2025-08-13 16:24:00,-0.6593937499999996,10.06843085502706
2025-08-13 16:24:00,-0.5071437499999982,10.197396982408597
2025-08-13 16:24:00,-0.5071437499999982,10.197396982408597
2025-08-13 16:24:00,-0.3917749999999982,10.292546446306424
2025-08-13 16:24:00,-0.4249999999999998,10.291228060829281
2025-08-13 16:24:00,-0.4249999999999998,10.291228060829281
2025-08-13 16:24:00,-0.33456875000000164,10.364601475769506
2025-08-13 16:24:00,-0.4178500000000005,10.361578131611997
2025-08-13 16:24:00,-0.4178500000000005,10.361578131611997
2025-08-13 16:24:00,-0.3658999999999999,10.40356752224928
2025-08-13 16:24:00,-0.44949375000000025,10.400291119421174
2025-08-13 16:24:00,-0.44949375000000025,10.400291119421174
2025-08-13 16:24:00,-0.44949375000000025,10.400291119421174
2025-08-13 16:24:00,-0.5333999999999985,10.39632552587692
2025-08-13 16:24:00,-0.5333999999999985,10.39632552587692
2025-08-13 16:24:00,-0.6176187500000001,10.391662382874475
2025-08-13 16:24:00,-0.6176187500000001,10.391662382874475
2025-08-13 16:24:00,-0.6513937499999987,10.389599904830837
2025-08-13 16:24:00,-0.6513937499999987,10.389599904830837
2025-08-13 16:24:00,-0.4547999999999979,10.550201749729718
2025-08-13 16:24:00,-0.4886249999999981,10.548689283952534
2025-08-13 16:24:00,-0.4489687499999988,10.580478583765643
2025-08-13 16:24:00,-0.4659000000000013,10.579746556038097
2025-08-13 16:24:00,-0.3729312500000015,10.653474657724278
2025-08-13 16:24:00,-0.3729312500000015,10.653474657724278
2025-08-13 16:24:00,-0.40683125000000064,10.65223395978625
2025-08-13 16:24:00,-0.36680000000000135,10.683705244904504
2025-08-13 16:24:00,-0.41774374999999964,10.681834587716471
2025-08-13 16:24:00,-0.39099374999999714,10.702860546950099
2025-08-13 16:24:00,-0.4250187499999969,10.701563393362134
2025-08-13 16:24:00,-0.3847999999999985,10.73310434869614
2025-08-13 16:24:00,-0.4359312500000012,10.731149236930472
2025-08-13 16:24:00,-0.4359312500000012,10.731149236930472
2025-08-13 16:24:00,-0.4529999999999994,10.730442255564306
2025-08-13 16:24:00,-0.3451999999999993,10.814491988068603
2025-08-13 16:24:00,-0.3964812499999999,10.812733355558086
2025-08-13 16:24:00,-0.3964812499999999,10.812733355558086
2025-08-13 16:24:00,-0.4307312500000018,10.811423152863522
2025-08-13 16:24:00,-0.48219999999999974,10.80924988886833
2025-08-13 16:24:00,-0.33266874999999985,10.924936224197076
2025-08-13 16:24:00,-0.2916249999999989,10.956119516479136
2025-08-13 16:24:00,-0.22296874999999972,11.007742045329888
2025-08-13 16:24:00,-0.22296874999999972,11.007742045329888
2025-08-13 16:24:00,-0.11246874999999967,11.08942968688081
2025-08-13 16:24:00,-0.11246874999999967,11.08942968688081
2025-08-13 16:24:00,-0.029068749999999532,11.149962107907518
2025-08-13 16:24:00,-0.029068749999999532,11.149962107907518
2025-08-13 16:24:00,-0.0011687499999997186,11.169999938855122
2025-08-13 16:24:00,-0.15625,11.168907105778077
2025-08-13 16:24:00,-0.15625,11.168907105778077
2025-08-13 16:24:00,-0.1283000000000012,11.189264457952541
2025-08-13 16:24:00,-0.07224999999999948,11.229767581633201
2025-08-13 16:24:00,-0.044150000000000134,11.249913367555326
2025-08-13 16:24:00,-0.044150000000000134,11.249913367555326
2025-08-13 16:24:00,0.026318750000000612,11.299969350551287
2025-08-13 16:24:00,0.08291874999999926,11.339696842548236
2025-08-13 16:24:00,0.08291874999999926,11.339696842548236
2025-08-13 16:24:00,0.12549999999999883,11.369307355771502
2025-08-13 16:24:00,0.12549999999999883,11.369307355771502
2025-08-13 16:24:00,0.18244999999999933,11.408541186212197
2025-08-13 16:24:00,0.23959999999999937,11.447492818953851
2025-08-13 16:24:00,-0.1437500000000025,11.44909760363235
2025-08-13 16:24:00,-0.08640000000000114,11.489675149454836
2025-08-13 16:24:00,-0.04325625000000244,11.519918788638916
2025-08-13 16:24:00,-0.3614062500000017,11.514329573295221
2025-08-13 16:24:00,-0.3470000000000013,11.524777264658958
2025-08-13 16:24:00,-0.33258125000000227,11.53520653097067
2025-08-13 16:24:00,-0.7450000000000028,11.515927014357116
2025-08-13 16:24:00,-0.7016687500000014,11.548703865164844
2025-08-13 16:24:00,-0.7016687500000014,11.548703865164844
2025-08-13 16:24:00,-0.6727187500000014,11.570460210527429
2025-08-13 16:24:00,-0.6727187500000014,11.570460210527429
2025-08-13 16:24:00,-0.6292000000000026,11.602952527697422
2025-08-13 16:24:00,-0.6472812500000025,11.601957894398618
2025-08-13 16:24:00,-0.6472812500000025,11.601957894398618
2025-08-13 16:24:00,-0.6036500000000018,11.634350290304138
2025-08-13 16:24:00,-0.6036500000000018,11.634350290304138
2025-08-13 16:24:00,-0.5745000000000022,11.655850451597258
2025-08-13 16:24:00,-0.5745000000000022,11.655850451597258
2025-08-13 16:24:00,-0.6107000000000014,11.654009846829544
2025-08-13 16:24:00,-0.6107000000000014,11.654009846829544
2025-08-13 16:24:00,-0.6107000000000014,11.654009846829544
2025-08-13 16:24:00,-0.7014187499999984,11.64890173952671
2025-08-13 16:24:00,-0.6575999999999986,11.681505135897513
2025-08-13 16:24:00,-0.6394312499999995,11.682513756744454
2025-08-13 16:24:00,-0.6394312499999995,11.682513756744454
2025-08-13 16:24:00,-0.6394312499999995,11.682513756744454
2025-08-13 16:24:00,-0.6394312499999995,11.682513756744454
2025-08-13 16:24:00,-0.6394312499999995,11.682513756744454
2025-08-13 16:24:00,-0.6575999999999986,11.681505135897513
2025-08-13 16:24:00,-0.6757812500000018,11.68046744364918
2025-08-13 16:24:00,-0.6757812500000018,11.68046744364918
2025-08-13 16:24:00,-0.7121812500000022,11.678304580166952
2025-08-13 16:24:00,-0.5800500000000017,11.775722567957349
2025-08-13 16:24:00,-0.5800500000000017,11.775722567957349
2025-08-13 16:24:00,-0.4914000000000023,11.839806841329802
2025-08-13 16:24:00,-0.4914000000000023,11.839806841329802
2025-08-13 16:24:00,-0.5643499999999992,11.836553935901277
2025-08-13 16:24:00,-0.49013124999999746,11.88990207519698
2025-08-13 16:24:00,-0.5632812499999993,11.886661189476145
2025-08-13 16:24:00,-0.39890000000000114,12.00337364202248
2025-08-13 16:24:00,-0.39890000000000114,12.00337364202248
2025-08-13 16:24:00,-0.24815000000000076,12.107457271347275
2025-08-13 16:24:00,-0.24815000000000076,12.107457271347275
2025-08-13 16:24:00,-0.12665000000000148,12.189342056792892
2025-08-13 16:24:00,-0.12665000000000148,12.189342056792892
2025-08-13 16:24:00,-0.00435000000000052,12.269999228911956
2025-08-13 16:24:00,-0.00435000000000052,12.269999228911956
2025-08-13 16:24:00,0.010993749999999025,12.27999507888586
2025-08-13 16:24:00,0.010993749999999025,12.27999507888586
2025-08-13 16:24:00,-0.09910625000000195,12.279600072934416
2025-08-13 16:24:00,-0.08375000000000199,12.28971464019812
2025-08-13 16:24:00,-0.08375000000000199,12.28971464019812
2025-08-13 16:24:00,-0.15740000000000087,12.288992035150807
2025-08-13 16:24:00,-0.14203124999999872,12.299179937053667
2025-08-13 16:24:00,-0.14203124999999872,12.299179937053667
2025-08-13 16:24:00,-0.178931249999998,12.29869845177828
2025-08-13 16:24:00,-0.178931249999998,12.29869845177828
2025-08-13 16:24:00,-0.178931249999998,12.29869845177828
2025-08-13 16:24:00,-0.234375,12.297766803748354
2025-08-13 16:24:00,-0.14190000000000147,12.35918542582803
2025-08-13 16:24:00,-0.14190000000000147,12.35918542582803
2025-08-13 16:24:00,-0.14190000000000147,12.35918542582803
2025-08-13 16:24:00,-0.14190000000000147,12.35918542582803
2025-08-13 16:24:00,-0.14190000000000147,12.35918542582803
2025-08-13 16:24:00,-0.14190000000000147,12.35918542582803
2025-08-13 16:24:00,-0.12644375000000174,12.36935374132723
2025-08-13 16:24:00,-0.12644375000000174,12.36935374132723
2025-08-13 16:24:00,-0.11097499999999982,12.379502597009907
2025-08-13 16:24:00,-0.27798124999999985,12.376878702833297
2025-08-13 16:24:00,-0.26250000000000107,12.387218967548769
2025-08-13 16:24:00,-0.37439999999999785,12.384341913884645
2025-08-13 16:24:00,-0.34339999999999726,12.405247939481097
2025-08-13 16:24:00,-0.49329999999999785,12.400191736824073
2025-08-13 16:24:00,-0.4777812499999996,12.410806785908337
2025-08-13 16:24:00,-0.5153812500000026,12.409302243363582
2025-08-13 16:24:00,-0.48430625000000305,12.430569072098466
2025-08-13 16:24:00,-0.5785250000000008,12.426540501055593
2025-08-13 16:24:00,-0.5473999999999979,12.447969844115145
2025-08-13 16:24:00,-0.5851749999999978,12.446251251657063
2025-08-13 16:24:00,-0.5227749999999993,12.489063467665419
2025-08-13 16:24:00,-0.5606000000000009,12.487422778139612
2025-08-13 16:24:00,-0.6553812499999996,12.48280719298141
2025-08-13 16:24:00,-0.73143125,12.478581983804228
2025-08-13 16:24:00,-0.76953125,12.476290380368415
2025-08-13 16:24:00,-0.8076812499999999,12.473878747141903
2025-08-13 16:24:00,-0.8458812499999979,12.471346555640991
2025-08-13 16:24:00,-0.8841312500000011,12.46869327286438
2025-08-13 16:24:00,-0.9607812500000001,12.463021278552342
2025-08-13 16:24:00,-1.0376312500000004,12.456858407681427
2025-08-13 16:24:00,-1.1339749999999995,12.448457763890875
2025-08-13 16:24:00,-1.23063125,12.439274364950853
2025-08-13 16:24:00,-1.2693812500000003,12.435379818974104
2025-08-13 16:24:00,-0.906699999999999,12.697668884878045
2025-08-13 16:24:00,-0.9454999999999973,12.694838705158881
2025-08-13 16:24:00,-0.9454999999999973,12.694838705158881
2025-08-13 16:24:00,-0.6085812500000003,12.925680982530414
2025-08-13 16:24:00,-0.3972499999999979,13.063961590478595
2025-08-13 16:24:00,-0.16729999999999734,13.20894055971182
2025-08-13 16:24:00,0.04841875000000151,13.339912129569987
2025-08-13 16:24:00,0.04841875000000151,13.339912129569987
2025-08-13 16:24:00,0.2325999999999997,13.447988594581718
2025-08-13 16:24:00,-0.020818750000001884,13.449983887709621
2025-08-13 16:24:00,0.21578124999999915,13.58828681078481
2025-08-13 16:24:00,0.11774999999999736,13.589489870392486
2025-08-13 16:24:00,0.11774999999999736,13.589489870392486
2025-08-13 16:24:00,0.30536874999999597,13.696596289827754
2025-08-13 16:24:00,0.1873187499999993,13.698719344737976
2025-08-13 16:24:00,0.1873187499999993,13.698719344737976
2025-08-13 16:24:00,0.20445000000000313,13.708475487722914
2025-08-13 16:24:00,0.1255000000000006,13.70942558059965
2025-08-13 16:24:00,0.1255000000000006,13.70942558059965
2025-08-13 16:24:00,0.15979999999999883,13.729070032598713
2025-08-13 16:24:00,0.041000000000002146,13.729938783548892
2025-08-13 16:24:00,0.041000000000002146,13.729938783548892
2025-08-13 16:24:00,0.10975000000000179,13.769562626950066
2025-08-13 16:24:00,-0.009499999999999176,13.769996722948049
2025-08-13 16:24:00,-0.009499999999999176,13.769996722948049
2025-08-13 16:24:00,0.024950000000000472,13.789977429187475
2025-08-13 16:24:00,-0.07476875000000227,13.789797302136947
2025-08-13 16:24:00,-0.07476875000000227,13.789797302136947
2025-08-13 16:24:00,-0.005718750000001549,13.829998817639083
2025-08-13 16:24:00,-0.12579374999999793,13.829427896065004
2025-08-13 16:24:00,-0.07387499999999925,13.859803118528594
2025-08-13 16:24:00,-0.17428125000000172,13.858904215193148
2025-08-13 16:24:00,-0.1222499999999993,13.889462010369588
2025-08-13 16:24:00,-0.24314999999999465,13.8878716179802
2025-08-13 16:24:00,-0.24314999999999465,13.8878716179802
2025-08-13 16:24:00,-0.1910062499999956,13.918689471802328
2025-08-13 16:24:00,-0.1910062499999956,13.918689471802328
2025-08-13 16:24:00,-0.12130624999999462,13.95947294111461
2025-08-13 16:24:00,-0.38480000000000025,13.954695588224059
2025-08-13 16:24:00,-0.3323937500000014,13.986050707578638
2025-08-13 16:24:00,-0.45471874999999784,13.98260815650637
2025-08-13 16:24:00,-0.3319999999999972,14.056079681049052
2025-08-13 16:24:00,-0.3319999999999972,14.056079681049052
2025-08-13 16:24:00,-0.2792187499999983,14.087233116891635
2025-08-13 16:24:00,-0.40199374999999904,14.084264305421172
2025-08-13 16:24:00,-0.34909999999999997,14.115683801715027
2025-08-13 16:24:00,-0.4106562500000024,14.114027116465941
2025-08-13 16:24:00,-0.45175624999999897,14.112771389439635
2025-08-13 16:24:00,-0.5135000000000005,14.11065972058004
2025-08-13 16:24:00,-0.5547250000000012,14.109099197835947
2025-08-13 16:24:00,-0.6786999999999992,14.103679176370965
2025-08-13 16:24:00,-0.7823562499999994,14.098309072299624
2025-08-13 16:24:00,-0.8863250000000029,14.092154838575079
2025-08-13 16:24:00,-0.8863250000000029,14.092154838575079
2025-08-13 16:24:00,-1.0742562500000012,14.079075733489608
2025-08-13 16:24:00,-0.43075624999999995,14.473591435890608
2025-08-13 16:24:00,-0.5356000000000005,14.470090968615228
2025-08-13 16:24:00,-0.6618249999999986,14.46486735747601
2025-08-13 16:24:00,-0.7885000000000044,14.458515406154257
2025-08-13 16:24:00,-0.8944062499999976,14.452350585976005
2025-08-13 16:24:00,-0.4011499999999977,14.744544030844088
2025-08-13 16:24:00,-0.14179999999999637,14.88932479194406
2025-08-13 16:24:00,0.10121875000000102,15.019658943020259
2025-08-13 16:24:00,0.4032187500000024,15.174643806022218
2025-08-13 16:24:00,0.670093750000003,15.305338100356064
2025-08-13 16:24:00,0.9780937500000029,15.449068988654654
2025-08-13 16:24:00,1.2697500000000037,15.57833864497431
2025-08-13 16:24:00,1.544500000000001,15.694184265198366
2025-08-13 16:24:00,1.6036937500000032,15.718402156587384
2025-08-13 16:24:00,1.6827937500000019,15.75035889098915
2025-08-13 16:24:00,1.6827937500000019,15.75035889098915
2025-08-13 16:24:00,1.7620937500000036,15.781933519572656
2025-08-13 16:24:00,1.7620937500000036,15.781933519572656
2025-08-13 16:24:00,1.0768937500000018,15.843443434153162
2025-08-13 16:24:00,1.1166187500000007,15.860742812590727
2025-08-13 16:24:00,1.1166187500000007,15.860742812590727
2025-08-13 16:24:00,0.8128187500000017,15.87921048665986
2025-08-13 16:24:00,0.8924187500000009,15.914998861911629
2025-08-13 16:24:00,0.8924187500000009,15.914998861911629
2025-08-13 16:24:00,0.6300687499999995,15.927542602996654
2025-08-13 16:24:00,0.6699437500000016,15.945932878694679
2025-08-13 16:24:00,0.6699437500000016,15.945932878694679
2025-08-13 16:24:00,0.38370000000000104,15.955386999693866
2025-08-13 16:24:00,0.46359999999999957,15.993282184717433
2025-08-13 16:24:00,0.46359999999999957,15.993282184717433
2025-08-13 16:24:00,0.30859375,15.997023782487195
2025-08-13 16:24:00,0.30859375,15.997023782487195
2025-08-13 16:24:00,0.04144374999999911,15.999946325397032
2025-08-13 16:24:00,0.04144374999999911,15.999946325397032
2025-08-13 16:24:00,-0.22750624999999758,15.99838244655412
2025-08-13 16:24:00,-0.22750624999999758,15.99838244655412
2025-08-13 16:24:00,-0.22750624999999758,15.99838244655412
2025-08-13 16:24:00,-0.22750624999999758,15.99838244655412
2025-08-13 16:24:00,-0.22750624999999758,15.99838244655412
2025-08-13 16:24:00,-0.22750624999999758,15.99838244655412
2025-08-13 16:24:00,-0.9535062499999967,15.971563036572562
2025-08-13 16:24:00,-1.0451562500000016,15.96582752046025
2025-08-13 16:24:00,-1.1599999999999966,15.957894597972503
2025-08-13 16:24:00,-1.1599999999999966,15.957894597972503
2025-08-13 16:24:00,-1.1599999999999966,15.957894597972503
2025-08-13 16:24:00,-1.1599999999999966,15.957894597972503
2025-08-13 16:24:00,-1.2751562499999984,15.949105822524533
2025-08-13 16:24:00,-1.390625,15.939453005337887
2025-08-13 16:24:00,-1.5064062500000013,15.928927779670575
2025-08-13 16:24:00,-1.715600000000002,15.907756492981655
2025-08-13 16:24:00,-1.715600000000002,15.907756492981655
2025-08-13 16:24:00,-1.9023999999999965,15.886499747899158
2025-08-13 16:24:00,-2.0900000000000034,15.862909569180554
2025-08-13 16:24:00,-2.3020062500000016,15.83353299882755
2025-08-13 16:24:00,-2.5150250000000014,15.801096457188502
2025-08-13 16:24:00,-2.681406250000002,15.773714227234526
2025-08-13 16:24:00,-2.681406250000002,15.773714227234526
2025-08-13 16:24:00,-2.8484000000000016,15.744415436592112
2025-08-13 16:24:00,-2.920156249999998,15.731264649594639
2025-08-13 16:24:00,-2.9680562500000036,15.72229760870961
2025-08-13 16:24:00,-3.0160062500000038,15.713169836158485
2025-08-13 16:24:00,-3.039999999999999,15.708545445075428
2025-08-13 16:24:00,-3.0880249999999982,15.699175188505126
2025-08-13 16:24:00,-3.112056250000002,15.694429135742272
2025-08-13 16:24:00,1.0480437500000015,17.92939497858436
2025-08-13 16:24:00,0.8312000000000026,17.94075546235442
2025-08-13 16:24:00,0.8986062499999967,17.967543148896592
2025-08-13 16:24:00,0.9886562500000018,18.002873626711263
2025-08-13 16:24:00,1.0563249999999975,18.029081437898466
2025-08-13 16:24:00,0.7899187499999982,18.042716767948182
2025-08-13 16:24:00,0.9255937500000009,18.096344277504254
2025-08-13 16:24:00,1.016293749999999,18.13154011698154
2025-08-13 16:24:00,0.7239437499999966,18.14556434633092
2025-08-13 16:24:00,0.47894375000000267,18.153683176819406
2025-08-13 16:24:00,0.47894375000000267,18.153683176819406
2025-08-13 16:24:00,0.23269374999999926,18.158509124339226
2025-08-13 16:24:00,-0.014806250000003018,18.159993964067304
2025-08-13 16:24:00,0.1671937499999956,18.23923370786067
2025-08-13 16:24:00,0.3270999999999944,18.3070780188975
2025-08-13 16:24:00,-0.4228999999999985,18.305115557952643
2025-08-13 16:24:00,-0.17038124999999127,18.419211987206417
2025-08-13 16:24:00,-0.32173124999999914,18.417190040904
2025-08-13 16:24:00,-0.32173124999999914,18.417190040904
2025-08-13 16:24:00,-0.18335625000000277,18.479090358715872
2025-08-13 16:24:00,-0.18335625000000277,18.479090358715872
2025-08-13 16:24:00,-0.06770000000000209,18.529876327434028
2025-08-13 16:24:00,-0.06770000000000209,18.529876327434028
2025-08-13 16:24:00,-0.39716874999999874,18.525743088578754
2025-08-13 16:24:00,-0.39716874999999874,18.525743088578754
2025-08-13 16:24:00,-0.14162499999999767,18.639461965394148
2025-08-13 16:24:00,-0.26890625000000057,18.638060237822792
2025-08-13 16:24:00,-0.0352812500000077,18.739966788481734
2025-08-13 16:24:00,-0.0352812500000077,18.739966788481734
2025-08-13 16:24:00,-0.13733125000000612,18.739496794945516
2025-08-13 16:24:00,-0.13733125000000612,18.739496794945516
2025-08-13 16:24:00,-0.39333125000000635,18.73587175788128
2025-08-13 16:24:00,-0.13489999999999824,18.849517287983797
2025-08-13 16:24:00,-0.13489999999999824,18.849517287983797
2025-08-13 16:24:00,-0.21194374999999255,18.848808446340474
2025-08-13 16:24:00,-0.09397500000000036,18.89976636626429
2025-08-13 16:24:00,-0.09397500000000036,18.89976636626429
2025-08-13 16:24:00,-0.1711312500000055,18.89922522473536
2025-08-13 16:24:00,0.041999999999994486,18.98995355444557
2025-08-13 16:24:00,0.041999999999994486,18.98995355444557
2025-08-13 16:24:00,-0.0610500000000016,18.9899018664526
2025-08-13 16:24:00,0.15309375000000003,19.079385794718625
2025-08-13 16:24:00,0.15309375000000003,19.079385794718625
2025-08-13 16:24:00,0.07567499999999683,19.07984992850769
2025-08-13 16:24:00,0.14728124999999892,19.10943244142532
2025-08-13 16:24:00,0.14728124999999892,19.10943244142532
2025-08-13 16:24:00,0.24293124999999804,19.14845906092115
2025-08-13 16:24:00,0.24293124999999804,19.14845906092115
2025-08-13 16:24:00,0.3387812500000038,19.18700933612762
2025-08-13 16:24:00,0.3387812500000038,19.18700933612762
2025-08-13 16:24:00,0.3867812500000021,19.206105806869036
2025-08-13 16:24:00,0.3867812500000021,19.206105806869036
2025-08-13 16:24:00,0.4588749999999955,19.234527125312308
2025-08-13 16:24:00,0.018043750000000358,19.239991539059623
2025-08-13 16:24:00,0.0902500000000046,19.269788658350667
2025-08-13 16:24:00,-0.0923187499999969,19.2697788583159
2025-08-13 16:24:00,0.05243124999999793,19.32992889185119
2025-08-13 16:24:00,0.05243124999999793,19.32992889185119
2025-08-13 16:24:00,0.19763125000000414,19.388992802335647
2025-08-13 16:24:00,0.19763125000000414,19.388992802335647
2025-08-13 16:24:00,0.19763125000000414,19.388992802335647
2025-08-13 16:24:00,0.3432812500000004,19.446970406297183
2025-08-13 16:24:00,0.3432812500000004,19.446970406297183
2025-08-13 16:24:00,0.02888124999999775,19.449978557144952
2025-08-13 16:24:00,0.22378125000000182,19.52871787783695
2025-08-13 16:24:00,0.11858125000000541,19.52963999891315
2025-08-13 16:24:00,0.19187499999999957,19.559058872664988
2025-08-13 16:24:00,0.0072937499999987665,19.559998640112703
2025-08-13 16:24:00,0.12970000000000326,19.609571079194975
2025-08-13 16:24:00,0.05040624999999821,19.60993521687313
2025-08-13 16:24:00,0.17312499999999886,19.659237720073865
2025-08-13 16:24:00,0.014200000000002433,19.659994871820288
2025-08-13 16:24:00,0.06337500000000063,19.67989795729071
2025-08-13 16:24:00,0.06337500000000063,19.67989795729071
2025-08-13 16:24:00,0.1865312500000016,19.72911822897246
2025-08-13 16:24:00,-0.10599999999999454,19.72971525390065
2025-08-13 16:24:00,0.017468750000009692,19.779992286216228
2025-08-13 16:24:00,-0.16947499999999138,19.779273955946287
2025-08-13 16:24:00,-0.04569374999999809,19.82994735447401
2025-08-13 16:24:00,-0.3407000000000089,19.827072994015026
2025-08-13 16:24:00,-0.2911000000000037,19.847865396308997
2025-08-13 16:24:00,-0.4796187499999931,19.844204843093323
2025-08-13 16:24:00,-0.30562499999999204,19.91765531781728
2025-08-13 16:24:00,-0.35960000000000036,19.91675394837221
2025-08-13 16:24:00,-0.3097750000000019,19.937593622335044
2025-08-13 16:24:00,-0.36380000000000123,19.936681006626955
2025-08-13 16:24:00,-0.2640000000000029,19.97825577972211
2025-08-13 16:24:00,-0.2910312499999961,19.977880288246883
2025-08-13 16:24:00,-0.1910312499999982,20.019088567203138
2025-08-13 16:24:00,-0.1910312499999982,20.019088567203138
2025-08-13 16:24:00,-0.09083125000000081,20.05979435796946
2025-08-13 16:24:00,-0.17200000000000415,20.059262598610147
2025-08-13 16:24:00,-0.17200000000000415,20.059262598610147
2025-08-13 16:24:00,-0.07159999999999656,20.099872473227286
2025-08-13 16:24:00,-0.17999999999999616,20.099194013691196
2025-08-13 16:24:00,-0.07939999999999614,20.139843485985686
2025-08-13 16:24:00,-0.18799999999999173,20.139122523089235
2025-08-13 16:24:00,-0.061968749999991246,20.189904900073785
2025-08-13 16:24:00,-0.11634375000000219,20.1896647850289
2025-08-13 16:24:00,-0.11634375000000219,20.1896647850289
2025-08-13 16:24:00,0.009999999999990905,20.239997529644118
2025-08-13 16:24:00,-0.044425000000007486,20.239951245479197
2025-08-13 16:24:00,-0.044425000000007486,20.239951245479197
2025-08-13 16:24:00,-0.09890000000000398,20.239758367875837
2025-08-13 16:24:00,-0.09890000000000398,20.239758367875837
2025-08-13 16:24:00,-0.09890000000000398,20.239758367875837
2025-08-13 16:24:00,0.07850624999999667,20.309848270450246
2025-08-13 16:24:00,0.2055999999999969,20.35896187530199
2025-08-13 16:24:00,0.3330062500000004,20.407283181194426
2025-08-13 16:24:00,0.48630624999999483,20.464222590443324
2025-08-13 16:24:00,0.6400562500000007,20.520020175351583
2025-08-13 16:24:00,0.7942562500000001,20.5746751373949
2025-08-13 16:24:00,0.27425000000000566,20.588173472591006
2025-08-13 16:24:00,0.40309375000000713,20.63606346735518
2025-08-13 16:24:00,0.40309375000000713,20.63606346735518
2025-08-13 16:24:00,0.5322500000000083,20.68315280457745
2025-08-13 16:24:00,0.687650000000005,20.738602592207123
2025-08-13 16:24:00,0.687650000000005,20.738602592207123
2025-08-13 16:24:00,0.8435000000000024,20.79289801230218
2025-08-13 16:24:00,0.8435000000000024,20.79289801230218
2025-08-13 16:24:00,0.9998000000000076,20.84603799190628
2025-08-13 16:24:00,0.9998000000000076,20.84603799190628
2025-08-13 16:24:00,1.18271875000001,20.906572563631716
2025-08-13 16:24:00,1.18271875000001,20.906572563631716
2025-08-13 16:24:00,1.339993750000005,20.95720441160893
2025-08-13 16:24:00,1.339993750000005,20.95720441160893
2025-08-13 16:24:00,1.4977187500000007,21.006676047054622
2025-08-13 16:24:00,1.4977187500000007,21.006676047054622
2025-08-13 16:24:00,1.6558937500000077,21.054985535229203
2025-08-13 16:24:00,1.6558937500000077,21.054985535229203
2025-08-13 16:24:00,1.8145187500000048,21.102130738527293
2025-08-13 16:24:00,1.8145187500000048,21.102130738527293
2025-08-13 16:24:00,1.9735937499999991,21.148109317618935
2025-08-13 16:24:00,2.1597500000000025,21.200273109974315
2025-08-13 16:24:00,-0.33614374999999797,21.307348670806885
2025-08-13 16:24:00,-0.2828437500000014,21.32812461078296
2025-08-13 16:24:00,-0.6557000000000137,21.319919266029125
2025-08-13 16:24:00,-0.8862000000000059,21.31158252124886
2025-08-13 16:24:00,-0.7794499999999971,21.35578042820023
2025-08-13 16:24:00,-0.9817937499999942,21.347434998904692
2025-08-13 16:24:00,-0.9817937499999942,21.347434998904692
2025-08-13 16:24:00,-1.184750000000001,21.33713353375987
2025-08-13 16:24:00,-1.184750000000001,21.33713353375987
2025-08-13 16:24:00,-0.8633000000000095,21.472652679862353
2025-08-13 16:24:00,-0.8633000000000095,21.472652679862353
2025-08-13 16:24:00,-0.8633000000000095,21.472652679862353
2025-08-13 16:24:00,-0.8633000000000095,21.472652679862353
2025-08-13 16:24:00,-1.47584375000001,21.439262702471506
2025-08-13 16:24:00,-1.7106437500000027,21.421806598897906
2025-08-13 16:24:00,-1.7106437500000027,21.421806598897906
2025-08-13 16:24:00,-1.7106437500000027,21.421806598897906
2025-08-13 16:24:00,-1.7106437500000027,21.421806598897906
2025-08-13 16:24:00,-0.8173749999999949,21.804685232980894
2025-08-13 16:24:00,-0.8173749999999949,21.804685232980894
2025-08-13 16:24:00,-1.1415312499999963,21.790119467439215
2025-08-13 16:24:00,-1.1415312499999963,21.790119467439215
2025-08-13 16:24:00,-1.1415312499999963,21.790119467439215
2025-08-13 16:24:00,0.7983437500000008,22.505844735464517
2025-08-13 16:24:00,0.05600000000000449,22.51993037289414
2025-08-13 16:24:00,-0.48332499999999357,22.514812833873947
2025-08-13 16:24:00,-0.9964062499999997,22.497946008135074
2025-08-13 16:24:00,-1.5130999999999943,22.469110538470364
2025-08-13 16:24:00,-1.5130999999999943,22.469110538470364
2025-08-13 16:24:00,0.3430562500000107,23.167460206275006
2025-08-13 16:24:00,0.633306250000004,23.261380509198307
2025-08-13 16:24:00,0.633306250000004,23.261380509198307
2025-08-13 16:24:00,0.633306250000004,23.261380509198307
2025-08-13 16:24:00,0.633306250000004,23.261380509198307
2025-08-13 16:24:00,0.633306250000004,23.261380509198307
2025-08-13 16:24:00,-0.1947500000000062,23.269185040252268
2025-08-13 16:24:00,-0.1947500000000062,23.269185040252268
2025-08-13 16:24:00,-0.1947500000000062,23.269185040252268
2025-08-13 16:24:00,-0.5037500000000037,23.264546759769466
2025-08-13 16:24:00,-0.5037500000000037,23.264546759769466
2025-08-13 16:24:00,-0.5037500000000037,23.264546759769466
2025-08-13 16:24:00,0.5810437499999992,23.632858230873936
2025-08-13 16:24:00,0.9068499999999986,23.732680486567464
2025-08-13 16:24:00,1.1149687500000027,23.793890911041085
2025-08-13 16:24:00,0.5556187500000078,23.81351901346478
2025-08-13 16:24:00,0.7942187499999989,23.886800048921337
2025-08-13 16:24:00,0.9736937500000096,23.94020719378199
2025-08-13 16:24:00,0.9736937500000096,23.94020719378199
2025-08-13 16:24:00,1.3641000000000005,24.051347804021294
2025-08-13 16:24:00,1.5148187500000034,24.092424621748812
2025-08-13 16:24:00,0.8885687500000046,24.123640802675773
2025-08-13 16:24:00,0.8885687500000046,24.123640802675773
2025-08-13 16:24:00,0.25731874999999604,24.138628524854067
2025-08-13 16:24:00,0.25731874999999604,24.138628524854067
2025-08-13 16:24:00,0.40834999999999866,24.186553087976385
2025-08-13 16:24:00,0.40834999999999866,24.186553087976385
2025-08-13 16:24:00,-0.7083687499999982,24.179626004428265
2025-08-13 16:24:00,-0.8691499999999976,24.174380618280583
2025-08-13 16:24:00,-0.2008999999999972,24.409173259043413
2025-08-13 16:24:00,-0.36199374999999634,24.407315717320515
2025-08-13 16:24:00,-0.5234000000000023,24.40438797511628
2025-08-13 16:24:00,-0.34010000000000673,24.467636420177573
2025-08-13 16:24:00,-0.18700625000000315,24.519286871001384
2025-08-13 16:24:00,-0.002881250000008606,24.579999831130966
2025-08-13 16:24:00,-0.7493750000000006,24.568574177379013
2025-08-13 16:24:00,-0.9125312500000007,24.56305532131077
2025-08-13 16:24:00,-1.0432812500000068,24.557849340555013
2025-08-13 16:24:00,-1.2070000000000007,24.550347268419646
2025-08-13 16:24:00,-1.3382000000000076,24.543545399147206
2025-08-13 16:24:00,-1.469600000000007,24.53602811866664
2025-08-13 16:24:00,-0.5422250000000091,24.874090778345547
2025-08-13 16:24:00,0.20777499999999804,25.119140700855493
2025-08-13 16:24:00,-0.28675624999999627,25.118363220024627
2025-08-13 16:24:00,-0.28675624999999627,25.118363220024627
2025-08-13 16:24:00,-0.6511999999999958,25.11155786804156
2025-08-13 16:24:00,0.23290000000000077,25.39893221357937
2025-08-13 16:24:00,-0.13305625000000987,25.399651494348028
2025-08-13 16:24:00,-0.13305625000000987,25.399651494348028
2025-08-13 16:24:00,-0.13305625000000987,25.399651494348028
2025-08-13 16:24:00,0.5044437500000001,25.59502952729467
2025-08-13 16:24:00,-0.299256249999992,25.59825083275879
2025-08-13 16:24:00,0.3754999999999953,25.807268351183545
2025-08-13 16:24:00,0.10600000000000165,25.809782331511435
2025-08-13 16:24:00,0.10600000000000165,25.809782331511435
2025-08-13 16:24:00,0.10600000000000165,25.809782331511435
2025-08-13 16:24:00,1.4392687500000036,26.18046801463399
2025-08-13 16:24:00,-0.5040750000000003,26.215154174529946
2025-08-13 16:24:00,-0.8492000000000033,26.20624466343852
2025-08-13 16:24:00,-1.1608812500000028,26.194288589755562
2025-08-13 16:24:00,-2.5935750000000013,26.091411780878683
2025-08-13 16:24:00,-2.9462000000000117,26.053949903229643
2025-08-13 16:24:00,-3.6196312499999976,25.968955882245698
2025-08-13 16:24:00,-3.8332312500000114,25.938287109676757
2025-08-13 16:24:00,-3.8332312500000114,25.938287109676757
2025-08-13 16:24:00,-4.476731250000007,25.835001012488338
2025-08-13 16:24:00,-4.728075000000011,25.790186249703098
2025-08-13 16:24:00,-5.232599999999998,25.692572803049522
2025-08-13 16:24:00,-5.232599999999998,25.692572803049522
2025-08-13 16:24:00,-5.232599999999998,25.692572803049522
2025-08-13 16:24:00,-5.232599999999998,25.692572803049522
2025-08-13 16:24:00,-5.232599999999998,25.692572803049522
2025-08-13 16:24:00,-5.232599999999998,25.692572803049522
2025-08-13 16:24:00,-5.232599999999998,25.692572803049522
2025-08-13 16:24:00,-5.232599999999998,25.692572803049522
2025-08-13 16:24:00,-5.232599999999998,25.692572803049522
2025-08-13 16:24:00,-5.232599999999998,25.692572803049522
2025-08-13 16:24:00,-5.232599999999998,25.692572803049522
2025-08-13 16:24:00,-5.232599999999998,25.692572803049522
2025-08-13 16:24:00,-5.232599999999998,25.692572803049522
2025-08-13 16:24:00,-5.232599999999998,25.692572803049522
2025-08-13 16:24:00,-5.232599999999998,25.692572803049522
2025-08-13 16:24:00,-5.232599999999998,25.692572803049522
2025-08-13 16:24:00,-5.232599999999998,25.692572803049522
2025-08-13 16:24:00,-5.232599999999998,25.692572803049522
2025-08-13 16:24:00,-5.232599999999998,25.692572803049522
2025-08-13 16:24:00,-5.232599999999998,25.692572803049522
2025-08-13 16:24:00,-20.600375000000014,16.220756759762303
2025-08-13 16:24:00,-20.600375000000014,16.220756759762303
2025-08-13 16:24:00,-21.094475000000003,15.57278152657305
2025-08-13 16:24:00,-21.094475000000003,15.57278152657305
2025-08-13 16:24:00,-21.424875,15.114996898258859
2025-08-13 16:24:00,-21.424875,15.114996898258859
2025-08-13 16:24:00,-21.424875,15.114996898258859
2025-08-13 16:24:00,-21.424875,15.114996898258859
2025-08-13 16:24:00,-21.424875,15.114996898258859
2025-08-13 16:24:00,-21.424875,15.114996898258859
2025-08-13 16:24:00,-21.424875,15.114996898258859
2025-08-13 16:24:00,-23.340199999999996,11.946692595023952
2025-08-13 16:24:00,-23.340199999999996,11.946692595023952
2025-08-13 16:24:00,-23.340199999999996,11.946692595023952
2025-08-13 16:24:00,-23.340199999999996,11.946692595023952
2025-08-13 16:24:00,-23.340199999999996,11.946692595023952
2025-08-13 16:24:00,-23.340199999999996,11.946692595023952
2025-08-13 16:24:00,-23.340199999999996,11.946692595023952
2025-08-13 16:24:00,-23.340199999999996,11.946692595023952
2025-08-13 16:24:00,-28.678481250000004,11.617524986269748
2025-08-13 16:24:00,-28.678481250000004,11.617524986269748
2025-08-13 16:24:00,-29.63823124999999,13.817972051950171
2025-08-13 16:24:00,-31.487281249999995,17.434462438417803
2025-08-13 16:24:00,-31.797600000000003,17.988856710752916
2025-08-13 16:24:00,-32.15299999999999,18.609863218196942
2025-08-13 16:24:00,-32.15299999999999,18.609863218196942
2025-08-13 16:24:00,-32.553781250000014,19.294047622851263
2025-08-13 16:24:00,2.1824187499999823,35.19239475227067
2025-08-13 16:24:00,1.7806250000000006,35.215010643323325
2025-08-13 16:24:00,1.7806250000000006,35.215010643323325
2025-08-13 16:24:00,1.4674187500000073,35.22945191472822
2025-08-13 16:24:00,1.1984687499999893,35.23962645453656
2025-08-13 16:24:00,1.1984687499999893,35.23962645453656
2025-08-13 16:24:00,1.1984687499999893,35.23962645453656
2025-08-13 16:24:00,1.1984687499999893,35.23962645453656
2025-08-13 16:24:00,0.5691687499999887,35.25540592496452
2025-08-13 16:24:00,0.5691687499999887,35.25540592496452
2025-08-13 16:24:00,0.5691687499999887,35.25540592496452
2025-08-13 16:24:00,0.5691687499999887,35.25540592496452
2025-08-13 16:24:00,0.5691687499999887,35.25540592496452
2025-08-13 16:24:00,0.5691687499999887,35.25540592496452
2025-08-13 16:24:00,0.5691687499999887,35.25540592496452
2025-08-13 16:24:00,-1.1057749999999942,35.242656847198326
2025-08-13 16:24:00,-1.6070312499999915,35.223359444572054
2025-08-13 16:24:00,-1.6070312499999915,35.223359444572054
2025-08-13 16:24:00,-2.4305312500000014,35.1761299440796
2025-08-13 16:24:00,-2.4305312500000014,35.1761299440796
2025-08-13 16:24:00,-2.7518749999999983,35.152450611363854
2025-08-13 16:24:00,-3.1198750000000217,35.12170240726344
2025-08-13 16:24:00,-3.3964,35.09604061771071
2025-08-13 16:24:00,-4.0433749999999975,35.02739954106463
2025-08-13 16:24:00,-4.599874999999997,34.95867202833047
2025-08-13 16:24:00,-5.204781249999996,34.87374158503283
2025-08-13 16:24:00,-5.811800000000019,34.77773110425692
2025-08-13 16:24:00,-6.045831250000006,34.73781116444333
2025-08-13 16:24:00,-6.045831250000006,34.73781116444333
2025-08-13 16:24:00,-6.23328124999999,34.70466546241872
2025-08-13 16:24:00,-6.796831250000025,34.59870929614316
2025-08-13 16:24:00,2.4545687499999644,37.219149536918806
2025-08-13 16:24:00,2.266318749999982,37.23108646445062
2025-08-13 16:24:00,2.077868749999979,37.24207917742742
2025-08-13 16:24:00,1.8892187499999835,37.25212547646977
2025-08-13 16:24:00,1.8892187499999835,37.25212547646977
2025-08-13 16:24:00,1.8892187499999835,37.25212547646977
2025-08-13 16:24:00,1.6531250000000028,37.263348987099576
2025-08-13 16:24:00,1.6531250000000028,37.263348987099576
2025-08-13 16:24:00,3.0105062500000344,37.46925342355664
2025-08-13 16:24:00,2.2054500000000274,37.52524603913344
2025-08-13 16:24:00,2.2054500000000274,37.52524603913344
2025-08-13 16:24:00,1.7302000000000106,37.55015989260232
2025-08-13 16:24:00,2.3892499999999757,37.65427445108323
2025-08-13 16:24:00,1.9127499999999742,37.681484676661825
2025-08-13 16:24:00,1.4828312499999896,37.70085027534556
2025-08-13 16:24:00,1.0039562499999874,37.71664051646283
2025-08-13 16:24:00,1.6181250000000063,37.825405106678964
2025-08-13 16:24:00,1.137999999999991,37.84289307122277
2025-08-13 16:24:00,1.5644312500000126,37.91774063501178
2025-08-13 16:24:00,1.131250000000037,37.933135560318505
2025-08-13 16:24:00,1.131250000000037,37.933135560318505
2025-08-13 16:24:00,0.648750000000021,37.94445444906937
2025-08-13 16:24:00,0.648750000000021,37.94445444906937
2025-08-13 16:24:00,0.4554000000000258,37.94726750162652
2025-08-13 16:24:00,0.4554000000000258,37.94726750162652
2025-08-13 16:24:00,0.01963125000001753,37.949994922450564
2025-08-13 16:24:00,0.01963125000001753,37.949994922450564
2025-08-13 16:24:00,-0.41714999999996394,37.94770725455624
2025-08-13 16:24:00,-0.41714999999996394,37.94770725455624
2025-08-13 16:24:00,-0.41714999999996394,37.94770725455624
2025-08-13 16:24:00,0.9159999999999968,38.21902463433623
2025-08-13 16:24:00,0.9159999999999968,38.21902463433623
2025-08-13 16:24:00,0.2345499999999845,38.229280483648914
2025-08-13 16:24:00,0.2345499999999845,38.229280483648914
2025-08-13 16:24:00,-0.20481875000002958,38.22945133375116
2025-08-13 16:24:00,-0.20481875000002958,38.22945133375116
2025-08-13 16:24:00,-0.6452000000000027,38.2245551571238
2025-08-13 16:24:00,-0.6452000000000027,38.2245551571238
2025-08-13 16:24:00,-0.6452000000000027,38.2245551571238
2025-08-13 16:24:00,-0.8412500000000023,38.220743038793735
2025-08-13 16:24:00,-0.8412500000000023,38.220743038793735
2025-08-13 16:24:00,-0.07504999999997608,38.38992664094971
2025-08-13 16:24:00,-0.07504999999997608,38.38992664094971
2025-08-13 16:24:00,0.4535687500000165,38.49732815909467
2025-08-13 16:24:00,0.06086874999998315,38.49995188302543
2025-08-13 16:24:00,0.06086874999998315,38.49995188302543
2025-08-13 16:24:00,0.9291437499999802,38.66883877092556
2025-08-13 16:24:00,0.9291437499999802,38.66883877092556
2025-08-13 16:24:00,1.21946874999999,38.720801850785236
2025-08-13 16:24:00,0.8751999999999924,38.73011263810112
2025-08-13 16:24:00,0.8751999999999924,38.73011263810112
2025-08-13 16:24:00,0.48100000000000875,38.73701381108255
2025-08-13 16:24:00,0.48100000000000875,38.73701381108255
2025-08-13 16:24:00,0.13541874999999948,38.73976331577348
2025-08-13 16:24:00,0.13541874999999948,38.73976331577348
2025-08-13 16:24:00,-0.21077499999999816,38.739426607777446
2025-08-13 16:24:00,-0.21077499999999816,38.739426607777446
2025-08-13 16:24:00,-0.21077499999999816,38.739426607777446
2025-08-13 16:24:00,-0.21077499999999816,38.739426607777446
2025-08-13 16:24:00,-0.21077499999999816,38.739426607777446
2025-08-13 16:24:00,-0.21077499999999816,38.739426607777446
2025-08-13 16:24:00,-0.21077499999999816,38.739426607777446
2025-08-13 16:24:00,-1.6016750000000002,38.70687583872373
2025-08-13 16:24:00,-1.6016750000000002,38.70687583872373
2025-08-13 16:24:00,-1.6016750000000002,38.70687583872373
2025-08-13 16:24:00,-1.6016750000000002,38.70687583872373
2025-08-13 16:24:00,-1.6016750000000002,38.70687583872373
2025-08-13 16:24:00,-3.203275000000005,38.60733905974841
2025-08-13 16:24:00,-3.203275000000005,38.60733905974841
2025-08-13 16:24:00,-3.958431250000004,38.53723422923632
2025-08-13 16:24:00,-3.958431250000004,38.53723422923632
2025-08-13 16:24:00,-3.958431250000004,38.53723422923632
2025-08-13 16:24:00,-5.121799999999979,38.399931832752
2025-08-13 16:24:00,-5.985931249999993,38.274746597074596
2025-08-13 16:24:00,-6.8536749999999955,38.12892260468915
2025-08-13 16:24:00,1.9133562499999925,40.464789235341215
2025-08-13 16:24:00,1.9133562499999925,40.464789235341215
2025-08-13 16:24:00,1.5549999999999784,40.48014420675895
2025-08-13 16:24:00,1.5549999999999784,40.48014420675895
2025-08-13 16:24:00,1.2986562499999934,40.48917870177581
2025-08-13 16:24:00,1.2986562499999934,40.48917870177581
2025-08-13 16:24:00,1.7549000000000063,40.5620552485941
2025-08-13 16:24:00,2.008806249999992,40.60033494258343
2025-08-13 16:24:00,2.008806249999992,40.60033494258343
2025-08-13 16:24:00,2.2121562499999925,40.62982235655954
2025-08-13 16:24:00,1.4412500000000108,40.6644672710402
2025-08-13 16:24:00,1.6448000000000036,40.69677546145394
2025-08-13 16:24:00,1.387206249999977,40.70637000298554
2025-08-13 16:24:00,1.590956250000005,40.73894645435233
2025-08-13 16:24:00,1.3330500000000143,40.748200913629304
2025-08-13 16:24:00,1.0748312500000026,40.75582949449102
2025-08-13 16:24:00,1.3808312499999857,40.80664412885509
2025-08-13 16:24:00,1.5850812499999734,40.83925094110932
2025-08-13 16:24:00,1.7895312499999676,40.870841414207185
2025-08-13 16:24:00,1.7895312499999676,40.870841414207185
2025-08-13 16:24:00,1.994181249999997,40.90141490391437
2025-08-13 16:24:00,1.994181249999997,40.90141490391437
2025-08-13 16:24:00,2.1990312500000044,40.930970689216785
2025-08-13 16:24:00,2.1990312500000044,40.930970689216785
2025-08-13 16:24:00,2.1990312500000044,40.930970689216785
2025-08-13 16:24:00,2.40408124999999,40.95950797242807
2025-08-13 16:24:00,2.6606749999999835,40.99374596867643
2025-08-13 16:24:00,1.364893749999979,41.05731926284534
2025-08-13 16:24:00,1.5703937499999654,41.090001989169586
2025-08-13 16:24:00,1.7760937499999727,41.121662065038315
2025-08-13 16:24:00,0.5770749999999936,41.155954422712334
2025-08-13 16:24:00,1.0406312500000041,41.236871687865985
2025-08-13 16:24:00,0.6220312500000063,41.24530975909895
2025-08-13 16:24:00,0.8799999999999955,41.29062363297508
2025-08-13 16:24:00,0.14552499999999213,41.2997436126954
2025-08-13 16:24:00,0.3004562499999963,41.328907873809534
2025-08-13 16:24:00,0.7141562499999878,41.40384137795171
2025-08-13 16:24:00,1.1286562500000201,41.474645689497294
2025-08-13 16:24:00,1.595924999999994,41.54936128744189
2025-08-13 16:25:00,2.0121249999999833,41.611380089878956
2025-08-13 16:25:00,2.0121249999999833,41.611380089878956
2025-08-13 16:25:00,2.376956249999992,41.66224884695479
2025-08-13 16:25:00,2.376956249999992,41.66224884695479
2025-08-13 16:25:00,2.5334999999999894,41.68307783441621
2025-08-13 16:25:00,-0.5354250000000036,41.75656738848842
2025-08-13 16:25:00,-0.16971875000000125,41.82965569480459
2025-08-13 16:25:00,0.24898124999998572,41.9092604126719
2025-08-13 16:25:00,-0.2843937500000209,41.90903506637871
2025-08-13 16:25:00,-0.2843937500000209,41.90903506637871
2025-08-13 16:25:00,-0.7655000000000314,41.90300836157232
2025-08-13 16:25:00,-0.7655000000000314,41.90300836157232
2025-08-13 16:25:00,-1.1403937500000438,41.89448176186167
2025-08-13 16:25:00,-1.1403937500000438,41.89448176186167
2025-08-13 16:25:00,-0.5108437500000207,42.026895420231625
2025-08-13 16:25:00,-0.5108437500000207,42.026895420231625
2025-08-13 16:25:00,-0.8863500000000215,42.02065306105439
2025-08-13 16:25:00,-0.8863500000000215,42.02065306105439
2025-08-13 16:25:00,-0.8863500000000215,42.02065306105439
2025-08-13 16:25:00,-0.202306250000035,42.159514610360624
2025-08-13 16:25:00,-0.202306250000035,42.159514610360624
2025-08-13 16:25:00,-1.0090250000000225,42.147923656443325
2025-08-13 16:25:00,-1.0090250000000225,42.147923656443325
2025-08-13 16:25:00,-1.332499999999996,42.138937382781734
2025-08-13 16:25:00,-1.332499999999996,42.138937382781734
2025-08-13 16:25:00,-1.332499999999996,42.138937382781734
2025-08-13 16:25:00,-0.27599999999998204,42.35910084031529
2025-08-13 16:25:00,-1.4117062499999804,42.336469922086216
2025-08-13 16:25:00,-1.4117062499999804,42.336469922086216
2025-08-13 16:25:00,-0.8815812499999822,42.45084704101496
2025-08-13 16:25:00,-0.8815812499999822,42.45084704101496
2025-08-13 16:25:00,-0.8815812499999822,42.45084704101496
2025-08-13 16:25:00,-0.030781249999989768,42.619988884497005
2025-08-13 16:25:00,-0.899781250000018,42.61050097924393
2025-08-13 16:25:00,-1.2264812500000346,42.602349040204324
2025-08-13 16:25:00,-1.2264812500000346,42.602349040204324
2025-08-13 16:25:00,-1.499075000000019,42.5936283280067
2025-08-13 16:25:00,-1.8266000000000275,42.580839968699536
2025-08-13 16:25:00,-2.09988125000001,42.568238144606106
2025-08-13 16:25:00,-2.702200000000005,42.53425108262751
2025-08-13 16:25:00,0.46278125000000614,43.20752172382314
2025-08-13 16:25:00,0.46278125000000614,43.20752172382314
2025-08-13 16:25:00,1.0576750000000033,43.307086297676214
2025-08-13 16:25:00,1.0576750000000033,43.307086297676214
2025-08-13 16:25:00,1.545531249999982,43.3824784118574
2025-08-13 16:25:00,2.4697999999999922,43.50995849182115
2025-08-13 16:25:00,2.4697999999999922,43.50995849182115
2025-08-13 16:25:00,2.4697999999999922,43.50995849182115
2025-08-13 16:25:00,0.7642187499999835,43.57329881592795
2025-08-13 16:25:00,0.7642187499999835,43.57329881592795
2025-08-13 16:25:00,1.6920999999999964,43.71726544044126
2025-08-13 16:25:00,1.6920999999999964,43.71726544044126
2025-08-13 16:25:00,0.8625062499999956,43.741497264825206
2025-08-13 16:25:00,0.8625062499999956,43.741497264825206
2025-08-13 16:25:00,0.8625062499999956,43.741497264825206
2025-08-13 16:25:00,0.08568124999999327,43.74991609961553
2025-08-13 16:25:00,0.08568124999999327,43.74991609961553
2025-08-13 16:25:00,1.0720812499999965,43.916916351144216
2025-08-13 16:25:00,1.0720812499999965,43.916916351144216
2025-08-13 16:25:00,2.062531249999992,44.061752857129655
2025-08-13 16:25:00,2.062531249999992,44.061752857129655
2025-08-13 16:25:00,1.1717312500000077,44.09443440931943
2025-08-13 16:25:00,1.1717312500000077,44.09443440931943
2025-08-13 16:25:00,0.3896562500000158,44.10827890551655
2025-08-13 16:25:00,0.3896562500000158,44.10827890551655
2025-08-13 16:25:00,-0.8442687499999835,44.101919575884374
2025-08-13 16:25:00,-0.8442687499999835,44.101919575884374
2025-08-13 16:25:00,0.205600000000004,44.299522894044806
2025-08-13 16:25:00,0.205600000000004,44.299522894044806
2025-08-13 16:25:00,0.6490000000000293,44.37525435420061
2025-08-13 16:25:00,0.6490000000000293,44.37525435420061
2025-08-13 16:25:00,1.0376312500000324,44.43788722913167
2025-08-13 16:25:00,-1.1079437499999756,44.43618976292675
2025-08-13 16:25:00,-1.1079437499999756,44.43618976292675
2025-08-13 16:25:00,-0.7186999999999699,44.51419852485272
2025-08-13 16:25:00,-0.7186999999999699,44.51419852485272
2025-08-13 16:25:00,-0.04999999999998295,44.6399719981991
2025-08-13 16:25:00,-0.04999999999998295,44.6399719981991
2025-08-13 16:25:00,-0.4472062499999936,44.63775987401206
2025-08-13 16:25:00,-0.4472062499999936,44.63775987401206
2025-08-13 16:25:00,-0.4472062499999936,44.63775987401206
2025-08-13 16:25:00,18.243093750000014,40.74210513005815
2025-08-13 16:25:00,18.243093750000014,40.74210513005815
2025-08-13 16:25:00,20.42880000000001,40.12935372716585
2025-08-13 16:25:00,20.42880000000001,40.12935372716585
2025-08-13 16:25:00,21.839893750000016,39.664813638648425
2025-08-13 16:25:00,22.349799999999988,39.48320326366644
2025-08-13 16:25:00,40.97168124999999,19.4873865756391
2025-08-13 16:25:00,42.85000000000002,15.886078811336617
2025-08-13 16:25:00,42.85000000000002,15.886078811336617
2025-08-13 16:25:00,45.029775,9.781910010288119
2025-08-13 16:25:00,45.029775,9.781910010288119
2025-08-13 16:25:00,54.44549999999998,28.999070161817226
2025-08-13 16:25:00,54.44549999999998,28.999070161817226
2025-08-13 16:25:00,-2.7066562499999804,46.00043925816726
2025-08-13 16:25:00,-2.7066562499999804,46.00043925816726
2025-08-13 16:25:00,-3.1202249999999765,45.974238394446246
2025-08-13 16:25:00,-2.2548187499999983,46.17497907313709
2025-08-13 16:25:00,-2.2548187499999983,46.17497907313709
2025-08-13 16:25:00,-2.5506000000000313,46.15958556616382
2025-08-13 16:25:00,-1.2181812499999864,46.44402689735407
2025-08-13 16:25:00,-1.2181812499999864,46.44402689735407
2025-08-13 16:25:00,-1.5735312499999736,46.433345770095805
2025-08-13 16:25:00,-1.5735312499999736,46.433345770095805
2025-08-13 16:25:00,-1.92933124999999,46.41992331884849
2025-08-13 16:25:00,-1.92933124999999,46.41992331884849
2025-08-13 16:25:00,-2.1667812499999854,46.40944579516813
2025-08-13 16:25:00,-2.1667812499999854,46.40944579516813
2025-08-13 16:25:00,-0.8277500000000089,46.68266198426885
2025-08-13 16:25:00,-0.8277500000000089,46.68266198426885
2025-08-13 16:25:00,-0.301981249999983,46.77902529258865
2025-08-13 16:25:00,-0.301981249999983,46.77902529258865
2025-08-13 16:25:00,0.8700187499999856,46.971943406406425
2025-08-13 16:25:00,0.8700187499999856,46.971943406406425
2025-08-13 16:25:00,1.2813999999999908,47.03254739050395
2025-08-13 16:25:00,1.2813999999999908,47.03254739050395
2025-08-13 16:25:00,1.575618750000018,47.07363832926715
2025-08-13 16:25:00,0.6238187499999981,47.09586871655675
2025-08-13 16:25:00,0.9772937499999728,47.14987271378589
2025-08-13 16:25:00,0.6792000000000087,47.15510881505842
2025-08-13 16:25:00,0.6792000000000087,47.15510881505842
2025-08-13 16:25:00,1.505724999999984,47.27602766968027
2025-08-13 16:25:00,1.505724999999984,47.27602766968027
2025-08-13 16:25:00,1.7423250000000223,47.30792643515857
2025-08-13 16:25:00,1.7423250000000223,47.30792643515857
2025-08-13 16:25:00,1.9791250000000389,47.33864662444814
2025-08-13 16:25:00,1.9791250000000389,47.33864662444814
2025-08-13 16:25:00,2.6907250000000147,47.42372822727432
2025-08-13 16:25:00,2.6907250000000147,47.42372822727432
2025-08-13 16:25:00,2.1533687499999985,47.45116440116642
2025-08-13 16:25:00,2.1533687499999985,47.45116440116642
2025-08-13 16:25:00,1.3754000000000133,47.48008292789725
2025-08-13 16:25:00,1.3754000000000133,47.48008292789725
2025-08-13 16:25:00,0.9556187500000135,47.49038631980844
2025-08-13 16:25:00,0.535224999999997,47.49698447479982
2025-08-13 16:25:00,0.8917000000000144,47.55164004648
2025-08-13 16:25:00,0.5308750000000089,47.55703703695569
2025-08-13 16:25:00,-0.13180624999998258,47.55981735785432
2025-08-13 16:25:00,-0.13180624999998258,47.55981735785432
2025-08-13 16:25:00,-0.8564562499999795,47.552287880730155
2025-08-13 16:25:00,-0.8564562499999795,47.552287880730155
2025-08-13 16:25:00,-0.8564562499999795,47.552287880730155
2025-08-13 16:25:00,-1.9468062499999519,47.52013831445529
2025-08-13 16:25:00,-1.9468062499999519,47.52013831445529
2025-08-13 16:25:00,-2.6151249999999493,47.48804819356525
2025-08-13 16:25:00,-1.5429999999999495,47.71505790628364
2025-08-13 16:25:00,-0.825999999999965,47.85287163796965
2025-08-13 16:25:00,-1.6177812500000073,47.83264976798953
2025-08-13 16:25:00,8.098168749999985,47.16989784700115
2025-08-13 16:25:00,8.098168749999985,47.16989784700115
2025-08-13 16:25:00,8.098168749999985,47.16989784700115
2025-08-13 16:25:00,9.89854374999996,47.13177730183041
2025-08-13 16:25:00,10.80295000000001,47.08664748415946
2025-08-13 16:25:00,11.71016874999998,47.02386147315556
2025-08-13 16:25:00,12.620199999999983,46.943185362307915
2025-08-13 16:25:00,13.593999999999994,46.83712271265177
2025-08-13 16:25:00,14.448699999999974,46.727113845282595
2025-08-13 16:25:00,14.754543749999982,46.683884143560036
2025-08-13 16:25:00,14.999443749999983,46.64779402276796
2025-08-13 16:25:00,15.67394999999999,46.541587761887754
2025-08-13 16:25:00,15.67394999999999,46.541587761887754
2025-08-13 16:25:00,15.919599999999974,46.500417587802374
2025-08-13 16:25:00,15.919599999999974,46.500417587802374
2025-08-13 16:25:00,16.165449999999964,46.45787690260394
2025-08-13 16:25:00,16.165449999999964,46.45787690260394
2025-08-13 16:25:00,17.027499999999975,46.29809006589797
2025-08-13 16:25:00,17.027499999999975,46.29809006589797
2025-08-13 16:25:00,-4.565068750000023,49.11831682079276
2025-08-13 16:25:00,-4.628450000000015,49.112384900323256
2025-08-13 16:25:00,-4.628450000000015,49.112384900323256
2025-08-13 16:25:00,-4.628450000000015,49.112384900323256
2025-08-13 16:25:00,-2.64885000000001,49.57929097594579
2025-08-13 16:25:00,-2.151950000000028,49.68341786952161
2025-08-13 16:25:00,-1.4051000000000045,49.83019359775758
2025-08-13 16:25:00,-1.4051000000000045,49.83019359775758
2025-08-13 16:25:00,-2.039600000000007,49.80825766717804
2025-08-13 16:25:00,-2.039600000000007,49.80825766717804
2025-08-13 16:25:00,-0.7908500000000345,50.04375142090668
2025-08-13 16:25:00,-0.7908500000000345,50.04375142090668
2025-08-13 16:25:00,-0.7908500000000345,50.04375142090668
2025-08-13 16:25:00,-0.7908500000000345,50.04375142090668
2025-08-13 16:25:00,0.5257187499999816,50.25725042017219
2025-08-13 16:25:00,0.7771187499999712,50.29399652491735
2025-08-13 16:25:00,1.0287187500000243,50.32948775552359
2025-08-13 16:25:00,0.4566000000000372,50.33792920293802
2025-08-13 16:25:00,1.0234312500000158,50.419614124629355
2025-08-13 16:25:00,1.212600000000009,50.445427951797576
2025-08-13 16:25:00,1.212600000000009,50.445427951797576
2025-08-13 16:25:00,1.212600000000009,50.445427951797576
2025-08-13 16:25:00,1.3387749999999699,50.46224411874064
2025-08-13 16:25:00,1.4650000000000034,50.47874577483082
2025-08-13 16:25:00,1.4650000000000034,50.47874577483082
2025-08-13 16:25:00,1.5281312500000013,50.486878640719844
2025-08-13 16:25:00,-0.06639999999998736,50.509956355554294
2025-08-13 16:25:00,-0.06639999999998736,50.509956355554294
2025-08-13 16:25:00,0.059900000000027376,50.529964496227386
2025-08-13 16:25:00,0.24944375000004015,50.55938466610908
2025-08-13 16:25:00,0.24944375000004015,50.55938466610908
2025-08-13 16:25:00,0.4391000000000247,50.58809436211252
2025-08-13 16:25:00,0.4391000000000247,50.58809436211252
2025-08-13 16:25:00,0.5656000000000176,50.60683942551639
2025-08-13 16:25:00,0.3097500000000082,50.609052104712454
2025-08-13 16:25:00,0.3097500000000082,50.609052104712454
2025-08-13 16:25:00,0.3097500000000082,50.609052104712454
2025-08-13 16:25:00,0.436300000000017,50.62812007481613
2025-08-13 16:25:00,-0.011918749999978218,50.62999859711038
2025-08-13 16:25:00,-0.011918749999978218,50.62999859711038
2025-08-13 16:25:00,-0.011918749999978218,50.62999859711038
2025-08-13 16:25:00,-0.011918749999978218,50.62999859711038
2025-08-13 16:25:00,0.051375000000007276,50.63997393965932
2025-08-13 16:25:00,0.051375000000007276,50.63997393965932
2025-08-13 16:25:00,0.051375000000007276,50.63997393965932
2025-08-13 16:25:00,0.051375000000007276,50.63997393965932
2025-08-13 16:25:00,0.11468124999998963,50.64987016973388
2025-08-13 16:25:00,0.11468124999998963,50.64987016973388
2025-08-13 16:25:00,0.11468124999998963,50.64987016973388
2025-08-13 16:25:00,0.11468124999998963,50.64987016973388
2025-08-13 16:25:00,0.11468124999998963,50.64987016973388
2025-08-13 16:25:00,0.05059999999994602,50.649974724969006
2025-08-13 16:25:00,0.11391874999995366,50.65987191573226
2025-08-13 16:25:00,0.11391874999995366,50.65987191573226
2025-08-13 16:25:00,0.11391874999995366,50.65987191573226
2025-08-13 16:25:00,0.11391874999995366,50.65987191573226
2025-08-13 16:25:00,0.11391874999995366,50.65987191573226
2025-08-13 16:25:00,0.05059999999994602,50.649974724969006
2025-08-13 16:25:00,0.05059999999994602,50.649974724969006
2025-08-13 16:25:00,0.05059999999994602,50.649974724969006
2025-08-13 16:25:00,0.05059999999994602,50.649974724969006
2025-08-13 16:25:00,0.11468124999998963,50.64987016973388
2025-08-13 16:25:00,0.17874999999997954,50.649684583790844
2025-08-13 16:25:00,0.17874999999997954,50.649684583790844
2025-08-13 16:25:00,0.24280624999997258,50.649418013684624
2025-08-13 16:25:00,0.24280624999997258,50.649418013684624
2025-08-13 16:25:00,0.3068499999999972,50.649070505563074
2025-08-13 16:25:00,0.24354375000001482,50.63941435721622
2025-08-13 16:25:00,0.24354375000001482,50.63941435721622
2025-08-13 16:25:00,0.24354375000001482,50.63941435721622
2025-08-13 16:25:00,0.18025000000002933,50.6296791411668
2025-08-13 16:25:00,0.18025000000002933,50.6296791411668
2025-08-13 16:25:00,0.18025000000002933,50.6296791411668
2025-08-13 16:25:00,0.18025000000002933,50.6296791411668
2025-08-13 16:25:00,0.24428125000002865,50.62941068856025
2025-08-13 16:25:00,0.1810000000000116,50.61967640157333
2025-08-13 16:25:00,0.1810000000000116,50.61967640157333
2025-08-13 16:25:00,0.1810000000000116,50.61967640157333
2025-08-13 16:25:00,0.1810000000000116,50.61967640157333
2025-08-13 16:25:00,0.1810000000000116,50.61967640157333
2025-08-13 16:25:00,0.1810000000000116,50.61967640157333
2025-08-13 16:25:00,0.1810000000000116,50.61967640157333
2025-08-13 16:25:00,0.24501874999998563,50.61940700770948
2025-08-13 16:25:00,0.24501874999998563,50.61940700770948
2025-08-13 16:25:00,0.24501874999998563,50.61940700770948
2025-08-13 16:25:00,0.18174999999999386,50.60967364978261
2025-08-13 16:25:00,0.18174999999999386,50.60967364978261
2025-08-13 16:25:00,0.18174999999999386,50.60967364978261
2025-08-13 16:25:00,0.18174999999999386,50.60967364978261
2025-08-13 16:25:00,0.18174999999999386,50.60967364978261
2025-08-13 16:25:00,0.18174999999999386,50.60967364978261
2025-08-13 16:25:00,0.18174999999999386,50.60967364978261
2025-08-13 16:25:00,0.24575624999997103,50.60940331465672
2025-08-13 16:25:00,0.24575624999997103,50.60940331465672
2025-08-13 16:25:00,0.3090249999999628,50.61905672322801
2025-08-13 16:25:00,0.3090249999999628,50.61905672322801
2025-08-13 16:25:00,0.37301874999999995,50.6186255938676
2025-08-13 16:25:00,0.37301874999999995,50.6186255938676
2025-08-13 16:25:00,0.4369999999999834,50.61811366497175
2025-08-13 16:25:00,0.37373124999999163,50.6086200656842
2025-08-13 16:25:00,0.37373124999999163,50.6086200656842
2025-08-13 16:25:00,0.4376999999999782,50.60810724291119
2025-08-13 16:25:00,0.4376999999999782,50.60810724291119
2025-08-13 16:25:00,0.4376999999999782,50.60810724291119
2025-08-13 16:25:00,0.4376999999999782,50.60810724291119
2025-08-13 16:25:00,0.4376999999999782,50.60810724291119
2025-08-13 16:25:00,0.4376999999999782,50.60810724291119
2025-08-13 16:25:00,0.4376999999999782,50.60810724291119
2025-08-13 16:25:00,0.4376999999999782,50.60810724291119
2025-08-13 16:25:00,0.4376999999999782,50.60810724291119
2025-08-13 16:25:00,0.4376999999999782,50.60810724291119
2025-08-13 16:25:00,0.4376999999999782,50.60810724291119
2025-08-13 16:25:00,0.4376999999999782,50.60810724291119
2025-08-13 16:25:00,0.5656000000000176,50.60683942551639
2025-08-13 16:25:00,0.6288687500000094,50.61609352859299
